0,1,2,3,4,5,6,7,8,9,10,11,12,13,14,15,16,17,18,19,20,21,22,23,24,25,26,27,28,29,30,31,32,33,34,35,36,37,38,39,40,41,42,43,44,45,46,47,48,49,50,51,52,53,54,55,56,57,58,59,60,61,62,63,64,65,66,67,68,69,70,71,72,73,74,75,76,77,78,79,80,81,82,83,84,85,86,87,88,89,90,91,92,93,94,95,96,97,98,99,100,101,102,103,104,105
0.0,46.17,27.89,77.73,127.91,146.79,259.35,273.34,23.82,247.98,129.18,622.04,708.63,639.2,639.2,652.73,698.99,1022.18,900.92,882.45,869.13,1184.71,1184.71,680.68,213.2,195.16,164.62,161.57,110.15,345.35,300.92,243.12,213.63,207.87,304.68,312.44,1386.51,1386.51,1604.82,498.89,503.39,503.39,886.51,79.79,181.44,78.87,154.96,184.0,221.54,353.18,374.0,392.31,650.61,801.43,394.68,354.86,354.86,354.86,354.86,371.54,387.04,397.09,486.25,699.99,662.75,651.86,607.95,627.41,484.61,466.57,509.36,555.94,492.73,512.84,549.07,529.43,687.71,281.14,349.75,699.66,726.25,1025.46,1349.25,1386.72,154.79,228.19,137.99,114.13,98.21,91.89,170.78,202.08,208.85,224.89,230.95,254.06,257.1,274.57,304.17,334.69,522.23,583.69,654.24,634.42,1102.3,800.36
46.17,0.0,74.06,61.27,111.46,130.34,261.69,275.68,69.99,252.03,134.14,602.43,530.21,641.54,641.54,655.07,701.33,1024.52,948.84,930.37,917.04,1187.05,1187.05,683.02,221.27,203.23,172.69,169.64,118.22,347.69,303.27,245.46,215.97,210.21,307.02,314.78,1434.43,1434.43,1607.16,501.23,505.73,505.73,888.85,60.17,161.82,86.94,163.03,192.07,229.61,361.25,382.07,400.38,698.52,849.35,375.06,358.91,358.91,358.91,358.91,379.61,395.11,405.16,494.32,708.06,710.67,699.78,655.86,675.32,532.53,514.49,582.28,558.28,495.07,515.18,551.41,531.77,690.05,289.21,357.82,747.58,774.16,1027.8,1351.59,1389.06,138.33,211.73,121.53,97.68,81.75,139.81,218.69,249.99,256.76,272.81,278.86,301.97,305.01,322.49,352.08,382.6,570.15,631.61,656.58,636.77,1104.64,848.27
27.89,74.06,0.0,49.84,100.02,118.9,231.45,245.45,4.08,275.88,157.07,731.05,680.73,611.31,611.31,624.84,671.1,994.29,873.03,854.56,841.23,1156.81,1156.81,652.79,241.1,223.05,192.51,189.46,138.04,317.45,273.03,215.23,185.74,179.98,276.79,284.54,1358.62,1358.62,1576.92,471.0,475.5,475.5,858.61,107.68,209.33,106.76,182.86,211.89,249.43,381.07,401.89,642.56,622.71,773.54,422.57,382.75,382.75,382.75,382.75,399.43,414.93,424.98,514.14,768.75,634.86,623.97,580.06,599.51,456.72,438.68,481.46,528.05,464.84,484.95,521.18,501.53,659.82,309.03,377.64,671.77,698.35,997.57,1321.35,1358.83,126.9,200.29,110.1,86.24,70.31,64.0,142.89,174.18,180.95,197.0,203.05,226.17,229.2,246.68,276.28,306.79,494.34,555.8,626.34,606.53,1074.4,772.46
77.73,61.27,49.84,0.0,50.18,69.06,200.42,214.41,53.91,322.39,203.62,681.22,630.9,580.27,580.27,593.8,640.06,963.25,870.93,852.46,839.13,1125.77,1125.77,621.75,287.64,269.59,239.06,236.0,184.59,286.41,241.99,184.19,154.7,148.94,245.75,253.5,1356.52,1356.52,1545.88,439.96,444.46,444.46,827.58,140.55,242.2,153.31,229.4,258.44,295.97,427.62,658.76,640.45,620.61,771.44,455.44,429.27,429.27,429.27,429.27,445.97,461.48,471.52,560.69,766.65,632.75,621.86,577.95,597.41,454.61,436.57,521.01,497.01,433.8,453.91,490.14,470.49,628.78,355.57,424.18,669.66,696.25,966.53,1290.31,1327.79,77.06,150.46,60.26,36.4,20.48,61.89,140.78,172.08,178.85,194.89,200.95,224.06,227.1,244.57,274.17,304.69,492.23,553.69,595.3,575.49,1043.36,770.36
127.91,111.46,100.02,50.18,0.0,18.88,146.87,144.1,104.09,372.57,253.8,718.92,668.6,530.35,530.35,543.88,590.14,913.33,889.76,871.29,857.96,1075.85,1075.85,571.83,337.82,319.78,289.24,286.19,234.77,216.11,171.68,113.88,84.39,78.63,195.83,203.58,1406.33,1406.33,1495.96,390.04,394.54,394.54,777.65,190.73,292.38,203.49,279.58,308.62,346.16,477.8,677.59,659.28,639.44,790.27,505.62,479.45,479.45,479.45,479.45,496.16,511.66,521.71,610.87,785.48,651.58,640.69,596.78,616.24,473.44,455.4,471.09,447.09,363.49,383.6,419.86,400.22,558.5,405.76,474.36,688.49,715.08,916.61,1240.39,1277.87,114.76,188.16,97.96,74.11,58.18,80.72,159.61,190.91,197.68,213.72,219.78,242.89,245.93,263.4,293.0,323.52,511.06,572.52,525.03,505.21,993.44,789.19
146.79,130.34,118.9,69.06,18.88,0.0,127.99,125.22,122.97,391.45,272.68,737.8,687.48,511.47,511.47,525.0,571.26,894.45,909.52,891.05,877.72,1056.97,1056.97,552.95,356.7,338.66,308.12,305.07,253.65,197.23,152.8,95.0,65.51,59.75,176.95,184.7,1387.45,1387.45,1477.08,371.16,375.66,375.66,758.77,209.61,311.26,222.37,298.46,327.5,365.04,496.68,697.35,679.04,659.2,810.03,524.5,498.33,498.33,498.33,498.33,515.04,530.54,540.59,629.75,805.24,671.34,660.45,616.54,636.0,492.32,474.28,452.21,428.21,344.61,364.72,400.98,381.34,539.62,424.64,493.24,708.25,734.84,897.73,1221.51,1258.99,133.64,207.04,116.84,92.99,77.06,99.6,178.49,209.79,216.56,232.6,238.66,261.77,264.81,282.28,311.88,342.4,530.82,592.28,506.15,486.33,974.56,702.27
259.35,261.69,231.45,200.42,146.87,127.99,0.0,109.9,235.53,522.72,403.95,832.73,782.41,498.21,498.21,511.74,557.99,860.32,896.26,877.79,864.46,1022.84,1022.84,518.82,487.97,469.93,439.39,436.33,384.92,204.31,194.38,136.58,107.09,101.33,181.68,189.44,1353.32,1353.32,1442.95,357.89,362.4,362.4,724.64,340.88,442.53,353.64,429.73,458.77,496.31,704.86,684.09,665.78,645.94,796.77,655.77,629.6,629.6,629.6,629.6,646.31,661.81,671.86,792.17,791.98,658.08,647.19,603.28,622.74,504.62,486.58,438.95,414.95,351.69,371.8,364.06,344.42,502.71,555.91,624.51,694.99,721.58,863.6,1187.38,1224.86,265.0,338.4,248.2,224.34,208.42,211.74,290.63,321.93,328.7,344.74,350.8,373.91,376.95,394.42,424.02,454.54,517.56,579.02,469.23,449.42,940.43,689.01
273.34,275.68,245.45,214.41,144.1,125.22,109.9,0.0,249.52,536.71,417.94,829.96,779.64,533.76,533.76,547.29,593.55,895.88,931.81,913.34,900.01,1058.4,1058.4,554.37,501.96,483.92,453.38,450.33,398.91,201.54,191.61,133.81,104.32,98.55,217.24,225.0,1388.88,1388.88,1478.51,393.45,397.95,397.95,760.2,354.87,456.52,367.63,443.72,472.76,510.3,740.42,719.64,701.34,681.49,832.32,669.76,643.59,643.59,643.59,643.59,660.3,675.8,685.85,827.73,827.53,693.64,682.75,638.84,658.3,540.17,522.13,474.5,450.5,348.92,280.61,257.91,238.27,396.55,569.9,638.51,730.55,757.13,899.15,1222.94,1260.41,278.99,352.39,262.19,238.33,222.41,225.73,304.62,335.92,342.69,358.73,364.79,387.9,390.94,408.41,438.01,468.53,553.12,614.58,381.13,361.32,975.99,724.57
23.82,69.99,4.08,53.91,104.09,122.97,235.53,249.52,0.0,271.8,153.0,735.13,684.81,615.38,615.38,628.91,675.17,998.36,877.11,858.64,845.31,1160.89,1160.89,656.86,237.02,218.98,188.44,185.38,133.97,321.53,277.11,219.31,189.82,184.05,280.86,288.62,1362.7,1362.7,1581.0,475.07,479.57,479.57,862.69,103.6,205.25,102.69,178.78,207.82,245.36,377.0,397.82,646.63,626.79,777.62,418.49,378.68,378.68,378.68,378.68,395.36,410.86,420.91,510.07,772.83,638.93,628.04,584.13,603.59,460.79,442.75,485.54,532.12,468.91,489.02,525.25,505.61,663.89,304.96,373.56,675.84,702.43,1001.64,1325.43,1362.9,130.97,204.37,114.17,90.31,74.39,68.07,146.96,178.26,185.03,201.07,207.13,230.24,233.28,250.75,280.35,310.87,498.41,559.87,630.42,610.61,1078.48,776.54
247.98,252.03,275.88,322.39,372.57,391.45,522.72,536.71,271.8,0.0,118.81,428.63,478.95,902.58,902.58,916.11,962.36,1285.56,1171.53,1153.05,1139.73,1448.08,1448.08,944.05,222.0,240.05,270.59,273.64,224.11,608.72,564.3,506.5,477.01,471.24,568.05,575.81,1657.11,1657.11,1868.19,762.26,766.76,766.76,1149.88,236.22,306.47,230.31,312.98,342.02,379.56,573.74,594.56,612.87,654.69,846.95,160.75,120.26,120.26,120.26,120.26,346.25,361.75,371.8,460.96,674.7,631.41,642.3,649.89,700.31,747.98,729.94,772.73,819.31,756.1,776.21,812.44,792.8,951.09,234.84,485.89,865.78,839.19,1288.83,1612.62,1650.09,399.45,472.85,382.65,358.79,342.87,355.26,434.15,465.45,472.22,488.27,494.32,517.43,520.47,537.94,567.54,598.06,785.6,847.07,917.61,897.8,1365.67,1070.96
129.18,134.14,157.07,203.62,253.8,272.68,403.95,417.94,153.0,118.81,0.0,532.38,582.7,783.8,783.8,797.33,843.59,1166.78,1045.52,1027.05,1013.73,1329.31,1329.31,825.28,208.39,190.35,159.81,156.75,105.34,489.95,445.52,387.72,358.23,352.47,449.28,457.04,1531.11,1531.11,1749.42,643.49,647.99,647.99,1031.11,118.32,188.58,111.54,194.21,223.25,260.79,417.14,437.96,456.26,498.39,946.03,264.5,225.68,225.68,225.68,225.68,451.66,467.17,477.22,566.38,780.12,736.82,747.72,755.31,772.01,629.21,611.17,653.96,700.54,637.33,657.44,693.67,674.03,832.31,340.26,388.99,844.26,870.85,1170.06,1493.85,1531.32,280.68,354.07,263.88,240.02,224.1,236.49,315.38,346.68,353.45,369.49,375.55,398.66,401.7,419.17,448.77,479.29,666.83,728.29,798.84,779.02,1246.9,944.96
622.04,602.43,731.05,681.22,718.92,737.8,832.73,829.96,735.13,428.63,532.38,0.0,50.32,1255.08,1255.08,1268.61,1314.87,1606.27,1552.14,1533.67,1520.35,1768.79,1768.79,1277.21,642.17,660.21,690.75,693.8,637.68,628.43,659.31,717.11,746.6,752.37,920.56,928.31,2099.27,2099.27,2188.91,1114.77,1119.27,1119.27,1470.6,541.37,440.61,643.88,726.56,755.59,793.13,993.9,1014.72,1033.03,1074.85,1267.12,267.89,540.42,540.42,540.42,540.42,766.41,781.91,791.96,881.12,1094.86,1051.57,1062.46,1070.05,1120.48,1135.83,1117.79,1195.82,1171.82,721.75,741.85,764.56,784.2,1100.62,655.0,906.05,1285.94,1259.35,1609.55,1881.56,1918.95,604.88,531.48,621.68,645.53,661.46,743.11,822.0,853.3,860.07,876.11,882.17,905.28,908.32,925.79,955.39,985.91,1173.45,1234.91,1106.05,1134.73,1686.38,1451.58
708.63,530.21,680.73,630.9,668.6,687.48,782.41,779.64,684.81,478.95,582.7,50.32,0.0,1204.76,1204.76,1218.29,1264.55,1555.95,1501.82,1483.35,1470.03,1718.47,1718.47,1226.89,692.49,710.53,741.07,744.12,688.0,578.11,608.99,666.79,696.28,702.05,870.24,877.99,2048.95,2048.95,2138.59,1064.45,1068.95,1068.95,1420.28,469.15,368.39,694.2,776.87,805.91,843.45,1044.22,1065.04,1083.35,1125.17,1317.43,318.21,590.74,590.74,590.74,590.74,816.73,832.23,842.28,931.44,1145.18,1101.89,1112.78,1120.37,1170.79,1085.51,1067.47,1145.5,1121.5,671.43,691.53,714.24,733.88,1050.3,705.32,956.37,1300.56,1327.15,1559.23,1831.24,1868.63,554.56,481.16,571.36,595.21,611.14,692.79,771.68,802.98,809.75,825.79,831.85,854.96,858.0,875.47,905.07,935.59,1123.13,1184.59,1055.73,1084.41,1636.07,1401.26
639.2,641.54,611.31,580.27,530.35,511.47,498.21,533.76,615.38,902.58,783.8,1255.08,1204.76,0.0,0.0,200.84,202.4,427.4,344.48,493.43,480.1,521.02,521.02,282.0,867.82,849.78,819.24,816.19,764.77,628.18,595.78,537.98,508.49,502.73,334.56,326.8,718.55,718.55,1206.35,226.66,231.16,231.16,488.04,720.73,822.38,733.49,809.59,838.62,621.57,472.67,451.9,433.59,413.75,412.41,1035.62,900.71,900.71,900.71,900.71,674.83,659.33,649.28,559.98,531.25,425.89,415.0,371.09,390.55,272.43,254.39,160.34,136.34,676.07,655.96,633.26,613.62,438.45,786.09,552.77,310.63,337.22,626.99,950.77,988.25,644.85,718.25,628.05,604.2,588.27,591.59,498.98,467.68,460.91,444.86,438.81,415.7,412.66,395.19,365.59,335.07,262.07,322.12,401.78,347.29,703.83,196.97
639.2,641.54,611.31,580.27,530.35,511.47,498.21,533.76,615.38,902.58,783.8,1255.08,1204.76,0.0,0.0,200.84,202.4,427.4,344.48,493.43,480.1,521.02,521.02,282.0,867.82,849.78,819.24,816.19,764.77,628.18,595.78,537.98,508.49,502.73,334.56,326.8,718.55,718.55,1206.35,226.66,231.16,231.16,488.04,720.73,822.38,733.49,809.59,838.62,621.57,472.67,451.9,433.59,413.75,412.41,1035.62,900.71,900.71,900.71,900.71,674.83,659.33,649.28,559.98,531.25,425.89,415.0,371.09,390.55,272.43,254.39,160.34,136.34,676.07,655.96,633.26,613.62,438.45,786.09,552.77,310.63,337.22,626.99,950.77,988.25,644.85,718.25,628.05,604.2,588.27,591.59,498.98,467.68,460.91,444.86,438.81,415.7,412.66,395.19,365.59,335.07,262.07,322.12,401.78,347.29,703.83,196.97
652.73,655.07,624.84,593.8,543.88,525.0,511.74,547.29,628.91,916.11,797.33,1268.61,1218.29,200.84,200.84,0.0,46.26,408.0,305.07,451.57,438.24,501.62,501.62,322.85,946.8,863.31,832.77,829.72,778.3,641.71,609.32,551.51,522.02,516.26,348.09,340.33,699.14,699.14,1191.23,240.19,244.69,244.69,472.92,734.26,835.91,747.02,823.12,852.15,635.1,486.2,465.43,447.12,427.28,370.55,1049.15,1014.32,1014.32,1014.32,1014.32,788.44,772.94,762.89,673.6,489.4,439.42,428.53,384.62,404.08,285.96,267.92,173.87,149.87,692.94,672.83,650.12,630.48,479.29,899.71,566.3,268.78,295.36,611.87,935.66,973.13,658.38,731.78,641.58,617.73,601.8,605.12,512.51,481.21,474.44,458.39,452.34,429.23,426.19,408.72,379.12,348.6,275.6,280.26,442.62,388.13,688.71,177.56
698.99,701.33,671.1,640.06,590.14,571.26,557.99,593.55,675.17,962.36,843.59,1314.87,1264.55,202.4,202.4,46.26,0.0,361.74,258.81,405.32,391.99,455.36,455.36,374.72,900.54,918.58,879.03,875.98,824.56,687.96,655.57,597.77,568.28,562.52,394.35,386.59,652.89,652.89,1144.97,286.45,290.95,290.95,426.66,780.52,882.17,793.28,869.37,898.41,681.36,532.46,511.68,493.38,473.53,324.3,1095.41,968.06,968.06,968.06,968.06,742.19,726.68,716.64,627.34,443.14,482.73,471.84,464.16,447.39,332.21,314.17,220.13,196.13,739.19,719.08,696.38,676.74,525.55,853.45,772.79,222.52,249.11,565.62,889.4,926.88,704.64,778.04,687.84,663.98,648.06,651.38,558.76,527.47,520.7,504.65,498.6,475.48,472.45,454.97,425.37,394.86,295.47,234.01,488.88,434.39,642.45,131.3
1022.18,1024.52,994.29,963.25,913.33,894.45,860.32,895.88,998.36,1285.56,1166.78,1606.27,1555.95,427.4,427.4,408.0,361.74,0.0,198.18,216.65,229.98,281.83,281.83,341.71,1181.95,1200.0,1202.22,1199.17,1147.75,990.29,978.77,920.96,891.47,885.71,740.05,732.3,612.31,612.31,701.95,672.78,677.28,677.28,178.03,1103.71,1205.36,1116.47,1192.57,1221.6,1182.41,902.08,881.31,863.0,843.16,543.39,1418.6,1249.48,1249.48,1249.48,1249.48,1023.6,1008.1,998.05,908.76,724.56,764.15,753.26,745.57,728.8,701.84,683.8,609.35,585.35,879.34,859.23,836.52,816.88,609.23,1134.87,1054.2,503.94,530.52,316.99,521.23,483.85,1027.83,1101.23,1011.03,987.18,971.25,974.57,928.39,897.09,890.32,874.27,868.22,845.11,842.07,824.6,795.0,764.48,576.88,515.42,572.55,471.54,345.38,230.89
900.92,948.84,873.03,870.93,889.76,909.52,896.26,931.81,877.11,1171.53,1045.52,1552.14,1501.82,344.48,344.48,305.07,258.81,198.18,0.0,18.47,31.8,288.06,288.06,539.75,983.77,1001.82,1032.36,1035.41,1026.5,1026.22,993.83,936.03,906.54,900.78,732.61,724.85,485.59,485.59,899.99,536.19,531.69,531.69,376.08,982.46,1084.11,995.22,1071.31,1021.77,984.23,703.9,683.13,664.82,644.98,345.21,1323.81,1051.3,1051.3,1051.3,1051.3,825.42,809.92,799.87,710.58,526.38,565.97,555.08,547.39,530.62,503.66,485.62,480.43,504.42,1077.38,1057.27,1034.57,1014.93,807.27,936.69,856.02,305.76,332.34,515.03,719.28,681.89,947.99,1021.39,931.19,907.33,891.41,809.1,730.21,698.91,692.14,676.09,670.04,646.93,643.89,626.42,596.82,566.3,378.7,317.24,770.6,669.58,543.42,147.97
882.45,930.37,854.56,852.46,871.29,891.05,877.79,913.34,858.64,1153.05,1027.05,1533.67,1483.35,493.43,493.43,451.57,405.32,216.65,18.47,0.0,13.33,306.53,306.53,558.22,965.3,983.35,1013.89,1016.94,1008.03,1007.75,975.36,917.56,888.07,882.31,714.14,706.38,504.06,504.06,918.46,517.72,513.22,513.22,394.55,963.99,1065.64,976.75,1052.84,1003.3,965.76,685.43,664.66,646.35,626.51,326.74,1305.34,1032.83,1032.83,1032.83,1032.83,806.95,791.45,781.4,692.11,507.91,547.5,536.61,528.92,512.15,485.19,467.15,461.95,485.95,1155.14,1075.74,1053.04,1033.4,825.74,918.22,837.55,287.29,313.87,533.5,737.75,700.36,929.52,1002.92,912.72,888.86,872.94,790.63,711.74,680.44,673.67,657.62,651.57,628.46,625.42,607.95,578.35,547.83,360.23,298.77,789.07,688.05,561.9,166.44
869.13,917.04,841.23,839.13,857.96,877.72,864.46,900.01,845.31,1139.73,1013.73,1520.35,1470.03,480.1,480.1,438.24,391.99,229.98,31.8,13.33,0.0,319.86,319.86,571.55,951.97,970.02,1000.56,1003.61,994.7,994.43,962.04,904.23,874.74,868.98,700.81,693.05,517.39,517.39,931.79,504.39,499.89,499.89,407.87,950.66,1052.31,963.42,1039.51,989.97,952.43,672.1,651.33,633.02,613.18,313.41,1292.01,1019.5,1019.5,1019.5,1019.5,793.62,778.12,768.07,678.78,494.58,534.17,523.28,515.6,498.83,471.86,453.82,448.63,472.63,1141.81,1071.9,1049.2,1029.55,839.07,904.89,824.22,273.96,300.54,546.83,751.07,713.69,916.19,989.59,899.39,875.53,859.61,777.3,698.41,667.11,660.34,644.3,638.24,615.13,612.09,594.62,565.02,534.5,346.91,285.44,802.4,701.38,575.22,179.76
1184.71,1187.05,1156.81,1125.77,1075.85,1056.97,1022.84,1058.4,1160.89,1448.08,1329.31,1768.79,1718.47,521.02,521.02,501.62,455.36,281.83,288.06,306.53,319.86,0.0,0.0,504.23,1271.83,1289.88,1364.75,1361.69,1310.28,1152.81,1141.29,1083.49,1054.0,1048.23,902.58,894.82,374.37,374.37,613.53,835.3,839.8,839.8,300.42,1266.24,1367.89,1279.0,1355.09,1384.12,1272.29,991.96,971.19,952.88,933.04,633.27,1581.13,1339.36,1339.36,1339.36,1339.36,1113.48,1097.98,1087.93,998.64,814.44,854.03,843.14,835.45,818.68,791.72,773.68,771.87,747.87,1041.86,1021.75,999.05,979.41,771.75,1224.75,1144.08,593.82,620.4,361.83,432.82,395.43,1190.35,1263.75,1173.56,1149.7,1133.77,1137.1,1018.27,986.97,980.2,964.15,958.1,934.99,931.95,914.48,884.88,854.36,666.76,605.3,735.08,634.06,342.12,324.5
1184.71,1187.05,1156.81,1125.77,1075.85,1056.97,1022.84,1058.4,1160.89,1448.08,1329.31,1768.79,1718.47,521.02,521.02,501.62,455.36,281.83,288.06,306.53,319.86,0.0,0.0,504.23,1271.83,1289.88,1364.75,1361.69,1310.28,1152.81,1141.29,1083.49,1054.0,1048.23,902.58,894.82,374.37,374.37,613.53,835.3,839.8,839.8,300.42,1266.24,1367.89,1279.0,1355.09,1384.12,1272.29,991.96,971.19,952.88,933.04,633.27,1581.13,1339.36,1339.36,1339.36,1339.36,1113.48,1097.98,1087.93,998.64,814.44,854.03,843.14,835.45,818.68,791.72,773.68,771.87,747.87,1041.86,1021.75,999.05,979.41,771.75,1224.75,1144.08,593.82,620.4,361.83,432.82,395.43,1190.35,1263.75,1173.56,1149.7,1133.77,1137.1,1018.27,986.97,980.2,964.15,958.1,934.99,931.95,914.48,884.88,854.36,666.76,605.3,735.08,634.06,342.12,324.5
680.68,683.02,652.79,621.75,571.83,552.95,518.82,554.37,656.86,944.05,825.28,1277.21,1226.89,282.0,282.0,322.85,374.72,341.71,539.75,558.22,571.55,504.23,504.23,0.0,909.3,891.26,860.72,857.67,806.25,648.78,637.26,579.46,549.97,544.21,398.55,390.8,834.71,834.71,924.34,331.27,335.78,335.78,206.03,762.21,863.86,774.97,851.06,880.1,729.08,580.18,559.4,541.1,521.25,552.39,1077.1,1050.93,1050.93,1050.93,1050.93,782.34,766.83,756.79,667.49,671.24,533.4,522.51,478.6,498.06,379.93,361.89,267.84,243.85,688.18,668.07,645.37,625.72,443.03,893.6,660.28,450.62,477.2,344.99,668.77,706.25,686.33,759.73,669.53,645.67,629.75,633.07,606.48,575.18,568.42,552.37,546.32,523.2,520.16,502.69,473.09,442.58,369.57,462.1,406.36,304.19,421.82,336.95
213.2,221.27,241.1,287.64,337.82,356.7,487.97,501.96,237.02,222.0,208.39,642.17,692.49,867.82,867.82,946.8,900.54,1181.95,983.77,965.3,951.97,1271.83,1271.83,909.3,0.0,18.04,48.58,51.64,103.08,573.97,529.55,471.75,442.26,436.49,533.3,541.06,1469.36,1469.36,1883.76,727.51,700.8,700.8,1180.58,214.43,284.69,160.01,242.68,271.72,213.96,385.99,406.81,425.11,466.94,659.2,374.33,101.78,101.78,101.78,101.78,158.49,174.0,184.05,273.21,486.95,443.65,454.55,462.14,512.56,563.53,581.57,672.84,696.84,721.35,741.46,777.69,758.05,916.33,68.09,298.14,678.03,651.44,1319.53,1643.32,1665.66,364.7,438.1,347.9,324.04,308.12,320.51,399.4,430.7,437.47,453.51,459.57,482.68,485.72,503.19,532.79,563.31,685.72,793.99,882.86,863.05,1396.37,883.21
195.16,203.23,223.05,269.59,319.78,338.66,469.93,483.92,218.98,240.05,190.35,660.21,710.53,849.78,849.78,863.31,918.58,1200.0,1001.82,983.35,970.02,1289.88,1289.88,891.26,18.04,0.0,30.54,33.59,85.04,555.92,511.5,453.7,424.21,418.45,515.26,523.01,1487.41,1487.41,1815.4,709.47,713.97,713.97,1097.09,196.39,266.64,141.96,224.64,253.67,232.0,404.03,424.85,443.16,484.98,677.25,392.37,119.82,119.82,119.82,119.82,176.54,192.04,202.09,291.25,504.99,461.7,472.59,480.18,530.61,581.57,677.15,690.89,766.52,703.31,723.42,759.65,740.01,898.29,86.14,316.18,696.07,669.48,1236.04,1559.82,1597.3,346.65,420.05,329.85,306.0,290.07,302.47,381.36,412.66,419.43,435.47,441.52,464.64,467.68,485.15,514.75,545.26,703.76,812.04,864.81,845.0,1312.87,901.25
164.62,172.69,192.51,239.06,289.24,308.12,439.39,453.38,188.44,270.59,159.81,690.75,741.07,819.24,819.24,832.77,879.03,1202.22,1032.36,1013.89,1000.56,1364.75,1364.75,860.72,48.58,30.54,0.0,3.05,54.5,525.39,480.96,423.16,393.67,387.91,484.72,492.48,1517.94,1517.94,1784.86,678.93,683.43,683.43,1066.55,165.85,236.11,111.42,194.1,223.13,260.67,434.57,455.39,473.7,515.52,707.78,422.91,150.36,150.36,150.36,150.36,207.08,222.58,232.63,321.79,535.53,492.24,503.13,510.72,561.14,664.65,646.61,689.4,735.98,672.77,692.88,729.11,709.47,867.75,116.68,346.72,726.61,700.02,1205.5,1529.29,1566.76,316.12,389.51,299.32,275.46,259.54,271.93,350.82,382.12,388.89,404.93,410.99,434.1,437.14,454.61,484.21,514.73,702.27,763.73,834.28,814.46,1282.34,931.79
161.57,169.64,189.46,236.0,286.19,305.07,436.33,450.33,185.38,273.64,156.75,693.8,744.12,816.19,816.19,829.72,875.98,1199.17,1035.41,1016.94,1003.61,1361.69,1361.69,857.67,51.64,33.59,3.05,0.0,51.45,522.33,477.91,420.11,390.62,384.86,481.67,489.42,1521.0,1521.0,1781.8,675.88,680.38,680.38,1063.49,162.79,233.05,108.37,191.04,220.08,257.62,437.62,458.44,476.75,518.57,710.84,425.96,153.41,153.41,153.41,153.41,210.13,225.63,235.68,324.84,538.59,495.29,506.18,513.77,564.2,661.6,643.56,686.34,732.93,669.72,689.83,726.06,706.41,864.7,119.73,349.77,729.66,703.08,1202.45,1526.23,1563.71,313.06,386.46,296.26,272.41,256.48,268.88,347.77,379.06,385.83,401.88,407.93,431.05,434.08,451.56,481.16,511.67,699.22,760.68,831.22,811.41,1279.28,934.84
110.15,118.22,138.04,184.59,234.77,253.65,384.92,398.91,133.97,224.11,105.34,637.68,688.0,764.77,764.77,778.3,824.56,1147.75,1026.5,1008.03,994.7,1310.28,1310.28,806.25,103.08,85.04,54.5,51.45,0.0,470.92,426.5,368.7,339.21,333.44,430.25,438.01,1512.09,1512.09,1730.39,624.46,628.96,628.96,1012.08,111.38,181.64,56.96,139.63,168.67,206.2,362.56,383.38,401.68,443.81,762.29,369.81,204.86,204.86,204.86,204.86,261.58,277.08,287.13,376.29,590.03,546.74,557.63,565.22,615.65,610.18,592.14,634.93,681.51,618.3,638.41,674.64,655.0,813.28,171.18,401.22,825.23,851.82,1151.03,1474.82,1512.29,261.65,335.05,244.85,220.99,205.07,217.46,296.35,327.65,334.42,350.46,356.52,379.63,382.67,400.14,429.74,460.26,647.8,709.26,779.81,760.0,1227.87,925.93
345.35,347.69,317.45,286.41,216.11,197.23,204.31,201.54,321.53,608.72,489.95,628.43,578.11,628.18,628.18,641.71,687.96,990.29,1026.22,1007.75,994.43,1152.81,1152.81,648.78,573.97,555.92,525.39,522.33,470.92,0.0,113.32,171.12,176.32,170.56,305.68,313.44,1483.29,1483.29,1572.92,487.86,492.36,492.36,854.61,426.88,528.53,439.64,515.73,544.77,582.3,834.83,814.05,795.75,775.9,926.73,741.77,715.6,715.6,715.6,715.6,732.3,747.81,757.85,922.14,921.95,788.05,777.16,733.25,752.71,634.58,616.54,568.91,544.91,147.38,167.49,190.2,209.84,587.98,641.9,710.51,824.96,851.55,993.57,1317.35,1354.83,351.0,317.22,334.2,310.34,294.42,297.74,376.63,407.93,414.69,430.74,436.79,459.91,462.95,480.42,510.02,540.53,647.53,708.99,582.46,562.65,1070.4,818.98
300.92,303.27,273.03,241.99,171.68,152.8,194.38,191.61,277.11,564.3,445.52,659.31,608.99,595.78,595.78,609.32,655.57,978.77,993.83,975.36,962.04,1141.29,1141.29,637.26,529.55,511.5,480.96,477.91,426.5,113.32,0.0,57.8,87.29,93.05,261.26,269.02,1471.77,1471.77,1561.4,455.47,459.97,459.97,843.09,382.46,484.11,395.22,471.31,500.34,537.88,802.44,781.66,763.36,743.51,894.34,697.35,671.17,671.17,671.17,671.17,687.88,703.38,713.43,889.75,889.56,755.66,744.77,700.86,720.32,602.19,584.15,536.52,512.52,206.63,226.74,249.44,269.09,606.01,597.48,666.09,792.57,819.15,982.04,1305.83,1343.3,306.57,379.97,289.77,265.92,249.99,253.32,332.21,363.5,370.27,386.32,392.37,415.49,418.52,436.0,465.6,496.11,615.14,676.6,572.53,552.72,1058.88,786.59
243.12,245.46,215.23,184.19,113.88,95.0,136.58,133.81,219.31,506.5,387.72,717.11,666.79,537.98,537.98,551.51,597.77,920.96,936.03,917.56,904.23,1083.49,1083.49,579.46,471.75,453.7,423.16,420.11,368.7,171.12,57.8,0.0,29.49,35.25,203.46,211.22,1413.97,1413.97,1503.6,397.67,402.17,402.17,785.29,324.65,426.31,337.42,413.51,442.54,480.08,744.64,723.86,705.56,685.71,836.54,639.54,613.37,613.37,613.37,613.37,630.08,645.58,655.63,831.95,831.75,697.86,686.97,643.06,662.51,544.39,526.35,478.72,454.72,264.43,284.54,409.56,389.92,548.21,539.68,608.29,734.77,761.35,924.24,1248.03,1285.5,248.77,322.17,231.97,208.12,192.19,195.52,274.4,305.7,312.47,328.52,334.57,357.68,360.72,378.2,407.79,438.31,557.34,618.8,514.73,494.92,1001.08,728.79
213.63,215.97,185.74,154.7,84.39,65.51,107.09,104.32,189.82,477.01,358.23,746.6,696.28,508.49,508.49,522.02,568.28,891.47,906.54,888.07,874.74,1054.0,1054.0,549.97,442.26,424.21,393.67,390.62,339.21,176.32,87.29,29.49,0.0,5.76,173.97,181.73,1384.48,1384.48,1474.11,368.18,372.68,372.68,755.8,295.16,396.81,307.93,384.02,413.05,450.59,715.15,694.37,676.07,656.22,807.05,610.05,583.88,583.88,583.88,583.88,600.59,616.09,626.14,802.46,802.26,668.37,657.48,613.57,633.02,514.9,496.86,449.23,425.23,323.71,343.81,380.07,360.43,518.72,510.19,578.8,705.28,731.86,894.75,1218.54,1256.01,219.28,292.68,202.48,178.63,162.7,166.02,244.91,276.21,282.98,299.03,305.08,328.19,331.23,348.7,378.3,408.82,527.85,589.31,485.24,465.43,971.59,699.3
207.87,210.21,179.98,148.94,78.63,59.75,101.33,98.55,184.05,471.24,352.47,752.37,702.05,502.73,502.73,516.26,562.52,885.71,900.78,882.31,868.98,1048.23,1048.23,544.21,436.49,418.45,387.91,384.86,333.44,170.56,93.05,35.25,5.76,0.0,168.21,175.96,1378.71,1378.71,1468.35,362.42,366.92,366.92,750.04,289.4,391.05,302.16,378.25,407.29,444.83,709.38,688.61,670.3,650.46,801.29,604.29,578.12,578.12,578.12,578.12,594.83,610.33,620.38,796.7,796.5,662.61,651.72,607.8,627.26,509.14,491.1,443.47,419.47,317.94,338.05,374.31,354.67,512.95,504.43,573.04,699.51,726.1,888.99,1212.77,1250.25,213.52,286.92,196.72,172.86,156.94,160.26,239.15,270.45,277.22,293.26,299.32,322.43,325.47,342.94,372.54,403.06,522.08,583.55,479.48,459.67,965.83,693.53
304.68,307.02,276.79,245.75,195.83,176.95,181.68,217.24,280.86,568.05,449.28,920.56,870.24,334.56,334.56,348.09,394.35,740.05,732.61,714.14,700.81,902.58,902.58,398.55,533.3,515.26,484.72,481.67,430.25,305.68,261.26,203.46,173.97,168.21,0.0,7.76,1233.06,1233.06,1322.69,194.25,198.75,198.75,604.38,386.21,487.86,398.97,475.06,504.1,541.64,541.21,520.44,502.13,482.29,633.12,701.1,674.93,674.93,674.93,674.93,743.37,727.87,717.82,628.52,628.33,494.43,483.54,439.63,459.09,340.97,322.93,275.3,251.3,453.07,473.18,471.4,451.76,555.0,601.24,621.31,531.34,557.93,743.33,1067.12,1104.59,310.33,383.73,293.53,269.67,253.75,257.07,335.96,367.26,374.03,390.07,396.13,419.24,422.28,439.75,434.13,403.61,353.91,415.38,496.59,463.84,820.17,525.36
312.44,314.78,284.54,253.5,203.58,184.7,189.44,225.0,288.62,575.81,457.04,928.31,877.99,326.8,326.8,340.33,386.59,732.3,724.85,706.38,693.05,894.82,894.82,390.8,541.06,523.01,492.48,489.42,438.01,313.44,269.02,211.22,181.73,175.96,7.76,0.0,1225.3,1225.3,1314.93,186.49,190.99,190.99,596.62,393.97,495.62,406.73,482.82,511.85,549.39,533.46,512.68,494.38,474.53,625.36,708.86,682.68,682.68,682.68,682.68,735.62,720.11,710.06,620.77,620.57,486.68,475.79,431.88,451.33,333.21,315.17,267.54,243.54,460.82,480.93,479.16,459.52,547.24,608.99,613.56,523.59,550.17,735.58,1059.36,1096.84,318.08,391.48,301.29,277.43,261.5,264.83,343.72,375.01,381.78,397.83,403.88,427.0,430.03,447.51,426.37,395.85,346.16,407.62,488.83,456.09,812.41,517.61
1386.51,1434.43,1358.62,1356.52,1406.33,1387.45,1353.32,1388.88,1362.7,1657.11,1531.11,2099.27,2048.95,718.55,718.55,699.14,652.89,612.31,485.59,504.06,517.39,374.37,374.37,834.71,1469.36,1487.41,1517.94,1521.0,1512.09,1483.29,1471.77,1413.97,1384.48,1378.71,1233.06,1225.3,0.0,0.0,379.72,1021.78,1017.28,1017.28,630.9,1468.04,1569.7,1480.81,1556.9,1507.36,1469.82,1189.49,1168.72,1150.41,1130.57,830.8,1809.4,1536.89,1536.89,1536.89,1536.89,1311.01,1295.51,1285.46,1196.17,1011.97,1051.56,1040.67,1032.98,1016.21,989.25,971.21,1102.35,1078.35,1372.34,1352.23,1329.53,1309.89,1102.23,1422.28,1341.61,791.35,817.93,692.3,370.5,333.11,1520.83,1594.23,1504.03,1480.18,1464.25,1294.69,1215.8,1184.5,1177.73,1161.68,1155.63,1132.52,1129.48,1112.01,1082.41,1051.89,864.29,802.83,1065.56,964.54,556.5,522.03
1386.51,1434.43,1358.62,1356.52,1406.33,1387.45,1353.32,1388.88,1362.7,1657.11,1531.11,2099.27,2048.95,718.55,718.55,699.14,652.89,612.31,485.59,504.06,517.39,374.37,374.37,834.71,1469.36,1487.41,1517.94,1521.0,1512.09,1483.29,1471.77,1413.97,1384.48,1378.71,1233.06,1225.3,0.0,0.0,379.72,1021.78,1017.28,1017.28,630.9,1468.04,1569.7,1480.81,1556.9,1507.36,1469.82,1189.49,1168.72,1150.41,1130.57,830.8,1809.4,1536.89,1536.89,1536.89,1536.89,1311.01,1295.51,1285.46,1196.17,1011.97,1051.56,1040.67,1032.98,1016.21,989.25,971.21,1102.35,1078.35,1372.34,1352.23,1329.53,1309.89,1102.23,1422.28,1341.61,791.35,817.93,692.3,370.5,333.11,1520.83,1594.23,1504.03,1480.18,1464.25,1294.69,1215.8,1184.5,1177.73,1161.68,1155.63,1132.52,1129.48,1112.01,1082.41,1051.89,864.29,802.83,1065.56,964.54,556.5,522.03
1604.82,1607.16,1576.92,1545.88,1495.96,1477.08,1442.95,1478.51,1581.0,1868.19,1749.42,2188.91,2138.59,1206.35,1206.35,1191.23,1144.97,701.95,899.99,918.46,931.79,613.53,613.53,924.34,1883.76,1815.4,1784.86,1781.8,1730.39,1572.92,1561.4,1503.6,1474.11,1468.35,1322.69,1314.93,379.72,379.72,0.0,1255.41,1259.91,1259.91,720.54,1686.35,1788.0,1699.11,1775.2,1804.24,1653.21,1504.32,1483.54,1465.24,1445.39,1245.2,2001.24,1951.29,1951.29,1951.29,1951.29,1725.41,1709.91,1699.86,1610.56,1426.37,1465.96,1455.07,1402.73,1430.61,1304.07,1286.03,1191.98,1167.98,1461.97,1441.86,1419.16,1399.52,1128.0,1836.67,1756.01,1205.74,1232.33,678.17,321.33,283.94,1610.47,1683.87,1593.67,1569.81,1553.89,1557.21,1530.62,1499.32,1492.55,1476.51,1470.45,1447.34,1444.3,1426.83,1397.23,1366.71,1278.69,1217.23,1155.19,1054.17,552.64,932.7
498.89,501.23,471.0,439.96,390.04,371.16,357.89,393.45,475.07,762.26,643.49,1114.77,1064.45,226.66,226.66,240.19,286.45,672.78,536.19,517.72,504.39,835.3,835.3,331.27,727.51,709.47,678.93,675.88,624.46,487.86,455.47,397.67,368.18,362.42,194.25,186.49,1021.78,1021.78,1255.41,0.0,4.5,4.5,537.1,580.42,682.07,593.18,669.27,698.31,493.69,344.79,324.02,305.71,285.87,436.7,895.31,772.83,772.83,772.83,772.83,546.95,531.45,521.4,432.1,431.91,298.01,287.12,243.21,262.67,119.81,101.77,167.4,143.4,635.25,565.34,542.63,522.99,487.72,658.21,424.89,334.92,361.51,676.06,999.84,1037.32,504.54,577.94,487.74,463.88,447.96,451.28,346.36,315.06,308.29,292.25,286.19,263.08,260.04,242.57,212.97,182.45,157.49,218.95,429.31,396.56,752.89,435.62
503.39,505.73,475.5,444.46,394.54,375.66,362.4,397.95,479.57,766.76,647.99,1119.27,1068.95,231.16,231.16,244.69,290.95,677.28,531.69,513.22,499.89,839.8,839.8,335.78,700.8,713.97,683.43,680.38,628.96,492.36,459.97,402.17,372.68,366.92,198.75,190.99,1017.28,1017.28,1259.91,4.5,0.0,0.0,541.6,584.92,686.57,597.68,673.77,702.81,489.19,340.29,319.52,301.21,281.37,432.2,899.81,768.33,768.33,768.33,768.33,542.45,526.95,516.9,427.6,427.41,293.51,282.62,238.71,258.17,115.31,97.27,171.9,147.9,639.75,569.84,547.13,527.49,492.22,653.71,420.39,330.42,357.01,680.56,1004.34,1041.82,509.04,582.44,492.24,468.38,452.46,455.78,341.86,310.56,303.79,287.75,281.69,258.58,255.54,238.07,208.47,177.95,152.99,214.45,433.81,401.07,757.39,431.12
503.39,505.73,475.5,444.46,394.54,375.66,362.4,397.95,479.57,766.76,647.99,1119.27,1068.95,231.16,231.16,244.69,290.95,677.28,531.69,513.22,499.89,839.8,839.8,335.78,700.8,713.97,683.43,680.38,628.96,492.36,459.97,402.17,372.68,366.92,198.75,190.99,1017.28,1017.28,1259.91,4.5,0.0,0.0,541.6,584.92,686.57,597.68,673.77,702.81,489.19,340.29,319.52,301.21,281.37,432.2,899.81,768.33,768.33,768.33,768.33,542.45,526.95,516.9,427.6,427.41,293.51,282.62,238.71,258.17,115.31,97.27,171.9,147.9,639.75,569.84,547.13,527.49,492.22,653.71,420.39,330.42,357.01,680.56,1004.34,1041.82,509.04,582.44,492.24,468.38,452.46,455.78,341.86,310.56,303.79,287.75,281.69,258.58,255.54,238.07,208.47,177.95,152.99,214.45,433.81,401.07,757.39,431.12
886.51,888.85,858.61,827.58,777.65,758.77,724.64,760.2,862.69,1149.88,1031.11,1470.6,1420.28,488.04,488.04,472.92,426.66,178.03,376.08,394.55,407.87,300.42,300.42,206.03,1180.58,1097.09,1066.55,1063.49,1012.08,854.61,843.09,785.29,755.8,750.04,604.38,596.62,630.9,630.9,720.54,537.1,541.6,541.6,0.0,968.04,1069.69,980.8,1056.89,1085.93,934.9,786.01,765.23,746.93,727.08,604.34,1282.93,1248.11,1248.11,1248.11,1248.11,1022.23,1006.73,996.68,907.38,723.19,739.23,728.34,684.43,703.88,585.76,567.72,473.67,449.67,743.66,723.55,700.85,681.21,473.55,1133.49,1052.83,502.56,529.15,138.95,462.75,502.44,892.16,965.56,875.36,851.5,835.58,838.9,812.31,781.01,774.24,758.2,752.14,729.03,725.99,708.52,678.92,648.4,575.51,514.05,436.88,335.86,215.8,388.9
79.79,60.17,107.68,140.55,190.73,209.61,340.88,354.87,103.6,236.22,118.32,541.37,469.15,720.73,720.73,734.26,780.52,1103.71,982.46,963.99,950.66,1266.24,1266.24,762.21,214.43,196.39,165.85,162.79,111.38,426.88,382.46,324.65,295.16,289.4,386.21,393.97,1468.04,1468.04,1686.35,580.42,584.92,584.92,968.04,0.0,100.76,117.58,200.25,229.29,266.82,369.01,389.83,408.14,451.32,882.96,359.25,343.09,343.09,343.09,343.09,372.76,388.27,398.32,487.48,701.22,744.28,733.39,689.48,708.94,566.14,548.1,590.89,637.47,574.26,594.37,630.6,610.96,769.24,282.36,395.03,781.19,807.78,1106.99,1430.78,1468.25,217.61,291.01,200.81,176.95,161.03,173.42,252.31,283.61,290.38,306.42,312.48,335.59,338.63,356.1,385.7,416.22,603.76,665.22,735.77,715.96,1183.83,881.89
181.44,161.82,209.33,242.2,292.38,311.26,442.53,456.52,205.25,306.47,188.58,440.61,368.39,822.38,822.38,835.91,882.17,1205.36,1084.11,1065.64,1052.31,1367.89,1367.89,863.86,284.69,266.64,236.11,233.05,181.64,528.53,484.11,426.31,396.81,391.05,487.86,495.62,1569.7,1569.7,1788.0,682.07,686.57,686.57,1069.69,100.76,0.0,187.84,270.51,299.55,337.08,493.43,514.25,532.56,574.68,984.62,433.67,413.35,413.35,413.35,413.35,443.02,458.53,468.57,557.73,771.48,845.93,835.04,791.13,810.59,667.79,649.75,692.54,739.12,595.65,615.76,732.25,712.61,870.89,352.62,465.29,882.84,909.43,1208.64,1532.43,1569.9,319.26,392.66,302.46,278.6,262.68,275.07,353.96,385.26,392.03,408.07,414.13,437.24,440.28,457.75,487.35,517.87,705.41,766.87,837.42,817.61,1285.48,983.54
78.87,86.94,106.76,153.31,203.49,222.37,353.64,367.63,102.69,230.31,111.54,643.88,694.2,733.49,733.49,747.02,793.28,1116.47,995.22,976.75,963.42,1279.0,1279.0,774.97,160.01,141.96,111.42,108.37,56.96,439.64,395.22,337.42,307.93,302.16,398.97,406.73,1480.81,1480.81,1699.11,593.18,597.68,597.68,980.8,117.58,187.84,0.0,74.14,103.17,140.71,297.06,317.88,336.19,378.31,895.73,376.01,337.19,337.19,337.19,337.19,318.34,333.84,343.89,433.05,646.8,603.5,746.15,702.24,721.7,578.9,560.86,603.65,650.23,587.02,607.13,643.36,623.72,782.0,227.94,268.92,793.95,820.54,1119.75,1443.54,1481.01,230.37,303.77,213.57,189.71,173.79,186.18,265.07,296.37,303.14,319.18,325.24,348.35,351.39,368.86,398.46,428.98,616.52,677.98,748.53,728.72,1196.59,894.65
154.96,163.03,182.86,229.4,279.58,298.46,429.73,443.72,178.78,312.98,194.21,726.56,776.87,809.59,809.59,823.12,869.37,1192.57,1071.31,1052.84,1039.51,1355.09,1355.09,851.06,242.68,224.64,194.1,191.04,139.63,515.73,471.31,413.51,384.02,378.25,475.06,482.82,1556.9,1556.9,1775.2,669.27,673.77,673.77,1056.89,200.25,270.51,74.14,0.0,29.04,66.57,222.93,243.75,262.05,304.18,726.23,458.68,419.86,419.86,419.86,419.86,334.57,319.07,309.02,340.24,553.98,510.68,521.58,381.85,401.48,654.99,636.95,679.74,726.32,663.11,683.22,719.45,699.81,858.1,310.62,194.78,745.06,718.47,1195.84,1519.63,1557.1,306.46,379.86,289.66,265.8,249.88,262.27,341.16,372.46,379.23,395.28,401.33,424.44,427.48,444.95,474.55,505.07,692.61,754.08,824.62,804.81,1272.68,970.74
184.0,192.07,211.89,258.44,308.62,327.5,458.77,472.76,207.82,342.02,223.25,755.59,805.91,838.62,838.62,852.15,898.41,1221.6,1021.77,1003.3,989.97,1384.12,1384.12,880.1,271.72,253.67,223.13,220.08,168.67,544.77,500.34,442.54,413.05,407.29,504.1,511.85,1507.36,1507.36,1804.24,698.31,702.81,702.81,1085.93,229.29,299.55,103.17,29.04,0.0,37.54,193.89,214.71,233.02,275.14,697.2,487.72,320.91,320.91,320.91,320.91,305.53,290.03,279.98,311.2,524.94,481.65,492.54,352.81,372.44,389.45,665.99,498.77,755.36,692.15,712.26,748.49,728.85,887.13,232.2,165.75,716.02,689.43,1224.88,1548.67,1586.14,335.5,408.89,318.7,294.84,278.92,291.31,370.2,401.5,408.27,424.31,430.37,453.48,456.52,473.99,503.59,534.11,511.64,573.11,853.65,833.84,1301.72,921.2
221.54,229.61,249.43,295.97,346.16,365.04,496.31,510.3,245.36,379.56,260.79,793.13,843.45,621.57,621.57,635.1,681.36,1182.41,984.23,965.76,952.43,1272.29,1272.29,729.08,213.96,232.0,260.67,257.62,206.2,582.3,537.88,480.08,450.59,444.83,541.64,549.39,1469.82,1469.82,1653.21,493.69,489.19,489.19,934.9,266.82,337.08,140.71,66.57,37.54,0.0,156.35,177.17,195.48,237.6,659.66,525.25,283.37,283.37,283.37,283.37,267.99,252.49,242.44,273.66,487.41,444.11,455.0,315.28,334.9,351.92,369.96,461.23,485.23,729.69,749.8,786.03,766.38,924.67,194.66,128.21,678.48,651.9,1073.86,1397.64,1435.12,373.03,446.43,356.23,332.38,316.45,328.85,407.74,439.04,445.81,461.85,467.9,491.02,494.06,511.53,541.13,571.64,474.1,535.57,891.19,871.38,1150.69,883.66
353.18,361.25,381.07,427.62,477.8,496.68,704.86,740.42,377.0,573.74,417.14,993.9,1044.22,472.67,472.67,486.2,532.46,902.08,703.9,685.43,672.1,991.96,991.96,580.18,385.99,404.03,434.57,437.62,362.56,834.83,802.44,744.64,715.15,709.38,541.21,533.46,1189.49,1189.49,1504.32,344.79,340.29,340.29,786.01,369.01,493.43,297.06,222.93,193.89,156.35,0.0,20.82,39.13,82.31,375.43,726.02,453.51,453.51,453.51,453.51,227.64,212.13,202.08,233.3,447.05,238.42,227.53,183.45,203.08,203.06,221.1,312.38,336.38,982.26,912.35,889.64,870.0,736.67,338.9,87.85,394.25,367.67,925.01,1248.79,1286.27,504.68,578.07,487.88,464.02,448.09,617.75,538.86,507.56,500.79,484.74,478.69,455.58,452.54,435.07,405.47,374.95,325.21,386.67,747.39,645.47,1001.8,603.33
374.0,382.07,401.89,658.76,677.59,697.35,684.09,719.64,397.82,594.56,437.96,1014.72,1065.04,451.9,451.9,465.43,511.68,881.31,683.13,664.66,651.33,971.19,971.19,559.4,406.81,424.85,455.39,458.44,383.38,814.05,781.66,723.86,694.37,688.61,520.44,512.68,1168.72,1168.72,1483.54,324.02,319.52,319.52,765.23,389.83,514.25,317.88,243.75,214.71,177.17,20.82,0.0,18.31,61.49,354.61,746.84,474.32,474.32,474.32,474.32,248.45,232.94,222.9,254.12,381.05,217.6,206.71,162.63,182.26,182.24,200.28,291.56,315.56,961.43,891.53,868.82,849.18,715.85,359.71,108.66,373.43,346.85,904.18,1227.97,1265.45,735.82,809.22,719.02,695.16,679.24,596.93,518.04,486.74,479.97,463.92,457.87,434.76,431.72,414.25,384.65,354.13,304.43,365.9,726.61,624.69,981.02,582.56
392.31,400.38,642.56,640.45,659.28,679.04,665.78,701.34,646.63,612.87,456.26,1033.03,1083.35,433.59,433.59,447.12,493.38,863.0,664.82,646.35,633.02,952.88,952.88,541.1,425.11,443.16,473.7,476.75,401.68,795.75,763.36,705.56,676.07,670.3,502.13,494.38,1150.41,1150.41,1465.24,305.71,301.21,301.21,746.93,408.14,532.56,336.19,262.05,233.02,195.48,39.13,18.31,0.0,43.18,336.3,765.14,492.63,492.63,492.63,492.63,266.75,251.25,241.2,272.42,362.75,199.29,188.4,144.32,163.95,163.94,181.98,273.25,297.25,943.13,873.22,850.52,830.88,697.54,378.02,126.97,355.13,328.54,885.87,1209.66,1247.14,717.51,790.91,700.71,676.86,660.93,578.62,499.73,468.43,461.66,445.62,439.56,416.45,413.41,395.94,366.34,335.82,286.13,347.59,708.31,606.39,962.72,564.25
650.61,698.52,622.71,620.61,639.44,659.2,645.94,681.49,626.79,654.69,498.39,1074.85,1125.17,413.75,413.75,427.28,473.53,843.16,644.98,626.51,613.18,933.04,933.04,521.25,466.94,484.98,515.52,518.57,443.81,775.9,743.51,685.71,656.22,650.46,482.29,474.53,1130.57,1130.57,1445.39,285.87,281.37,281.37,727.08,451.32,574.68,378.31,304.18,275.14,237.6,82.31,61.49,43.18,0.0,345.51,806.98,534.46,534.46,534.46,534.46,308.59,293.09,283.04,314.26,371.95,208.5,197.61,153.53,173.15,144.09,162.13,253.41,277.41,923.28,853.38,830.67,811.03,677.7,419.85,168.8,364.33,337.74,866.03,1189.82,1227.29,697.67,771.07,680.87,657.01,641.09,558.78,479.89,448.59,441.82,425.77,419.72,396.61,393.57,376.1,346.5,315.98,266.28,327.75,688.46,586.54,942.87,544.41
801.43,849.35,773.54,771.44,790.27,810.03,796.77,832.32,777.62,846.95,946.03,1267.12,1317.43,412.41,412.41,370.55,324.3,543.39,345.21,326.74,313.41,633.27,633.27,552.39,659.2,677.25,707.78,710.84,762.29,926.73,894.34,836.54,807.05,801.29,633.12,625.36,830.8,830.8,1245.2,436.7,432.2,432.2,604.34,882.96,984.62,895.73,726.23,697.2,659.66,375.43,354.61,336.3,345.51,0.0,999.24,726.73,726.73,726.73,726.73,500.85,485.35,475.3,386.01,201.81,241.4,230.51,222.82,206.05,280.71,386.13,380.93,404.93,1074.11,1004.21,981.5,961.86,841.34,612.11,531.45,101.78,75.2,743.28,1064.48,1027.1,848.5,921.89,831.7,807.84,791.92,709.61,630.72,599.42,592.65,576.6,570.55,547.44,544.4,526.93,497.33,466.81,279.21,217.75,804.66,702.49,820.13,306.96
394.68,375.06,422.57,455.44,505.62,524.5,655.77,669.76,418.49,160.75,264.5,267.89,318.21,1035.62,1035.62,1049.15,1095.41,1418.6,1323.81,1305.34,1292.01,1581.13,1581.13,1077.1,374.33,392.37,422.91,425.96,369.81,741.77,697.35,639.54,610.05,604.29,701.1,708.86,1809.4,1809.4,2001.24,895.31,899.81,899.81,1282.93,359.25,433.67,376.01,458.68,487.72,525.25,726.02,746.84,765.14,806.98,999.24,0.0,272.55,272.55,272.55,272.55,498.53,514.03,524.08,613.24,826.99,783.69,794.58,802.17,852.6,881.03,862.99,905.78,952.36,889.14,909.25,945.49,925.85,1084.13,387.12,638.17,1018.06,991.48,1421.87,1745.67,1783.14,532.5,605.9,515.7,491.84,475.92,488.31,567.2,598.5,605.27,621.31,627.37,650.48,653.52,670.99,700.59,731.11,918.65,980.11,1050.66,1030.85,1498.72,1223.24
354.86,358.91,382.75,429.27,479.45,498.33,629.6,643.59,378.68,120.26,225.68,540.42,590.74,900.71,900.71,1014.32,968.06,1249.48,1051.3,1032.83,1019.5,1339.36,1339.36,1050.93,101.78,119.82,150.36,153.41,204.86,715.6,671.17,613.37,583.88,578.12,674.93,682.68,1536.89,1536.89,1951.29,772.83,768.33,768.33,1248.11,343.09,413.35,337.19,419.86,320.91,283.37,453.51,474.32,492.63,534.46,726.73,272.55,0.0,0.0,0.0,0.0,226.02,241.52,251.57,340.73,554.47,511.18,522.07,529.66,580.09,631.05,649.09,740.37,764.37,862.97,883.08,919.32,899.68,1057.96,114.61,365.66,745.55,718.97,1387.05,1710.85,1733.19,506.33,579.72,489.53,465.67,449.75,462.14,541.03,572.33,579.1,595.14,601.2,624.31,627.35,644.82,674.42,704.94,753.24,861.52,1024.48,1004.67,1463.9,950.73
354.86,358.91,382.75,429.27,479.45,498.33,629.6,643.59,378.68,120.26,225.68,540.42,590.74,900.71,900.71,1014.32,968.06,1249.48,1051.3,1032.83,1019.5,1339.36,1339.36,1050.93,101.78,119.82,150.36,153.41,204.86,715.6,671.17,613.37,583.88,578.12,674.93,682.68,1536.89,1536.89,1951.29,772.83,768.33,768.33,1248.11,343.09,413.35,337.19,419.86,320.91,283.37,453.51,474.32,492.63,534.46,726.73,272.55,0.0,0.0,0.0,0.0,226.02,241.52,251.57,340.73,554.47,511.18,522.07,529.66,580.09,631.05,649.09,740.37,764.37,862.97,883.08,919.32,899.68,1057.96,114.61,365.66,745.55,718.97,1387.05,1710.85,1733.19,506.33,579.72,489.53,465.67,449.75,462.14,541.03,572.33,579.1,595.14,601.2,624.31,627.35,644.82,674.42,704.94,753.24,861.52,1024.48,1004.67,1463.9,950.73
354.86,358.91,382.75,429.27,479.45,498.33,629.6,643.59,378.68,120.26,225.68,540.42,590.74,900.71,900.71,1014.32,968.06,1249.48,1051.3,1032.83,1019.5,1339.36,1339.36,1050.93,101.78,119.82,150.36,153.41,204.86,715.6,671.17,613.37,583.88,578.12,674.93,682.68,1536.89,1536.89,1951.29,772.83,768.33,768.33,1248.11,343.09,413.35,337.19,419.86,320.91,283.37,453.51,474.32,492.63,534.46,726.73,272.55,0.0,0.0,0.0,0.0,226.02,241.52,251.57,340.73,554.47,511.18,522.07,529.66,580.09,631.05,649.09,740.37,764.37,862.97,883.08,919.32,899.68,1057.96,114.61,365.66,745.55,718.97,1387.05,1710.85,1733.19,506.33,579.72,489.53,465.67,449.75,462.14,541.03,572.33,579.1,595.14,601.2,624.31,627.35,644.82,674.42,704.94,753.24,861.52,1024.48,1004.67,1463.9,950.73
354.86,358.91,382.75,429.27,479.45,498.33,629.6,643.59,378.68,120.26,225.68,540.42,590.74,900.71,900.71,1014.32,968.06,1249.48,1051.3,1032.83,1019.5,1339.36,1339.36,1050.93,101.78,119.82,150.36,153.41,204.86,715.6,671.17,613.37,583.88,578.12,674.93,682.68,1536.89,1536.89,1951.29,772.83,768.33,768.33,1248.11,343.09,413.35,337.19,419.86,320.91,283.37,453.51,474.32,492.63,534.46,726.73,272.55,0.0,0.0,0.0,0.0,226.02,241.52,251.57,340.73,554.47,511.18,522.07,529.66,580.09,631.05,649.09,740.37,764.37,862.97,883.08,919.32,899.68,1057.96,114.61,365.66,745.55,718.97,1387.05,1710.85,1733.19,506.33,579.72,489.53,465.67,449.75,462.14,541.03,572.33,579.1,595.14,601.2,624.31,627.35,644.82,674.42,704.94,753.24,861.52,1024.48,1004.67,1463.9,950.73
371.54,379.61,399.43,445.97,496.16,515.04,646.31,660.3,395.36,346.25,451.66,766.41,816.73,674.83,674.83,788.44,742.19,1023.6,825.42,806.95,793.62,1113.48,1113.48,782.34,158.49,176.54,207.08,210.13,261.58,732.3,687.88,630.08,600.59,594.83,743.37,735.62,1311.01,1311.01,1725.41,546.95,542.45,542.45,1022.23,372.76,443.02,318.34,334.57,305.53,267.99,227.64,248.45,266.75,308.59,500.85,498.53,226.02,226.02,226.02,226.02,0.0,15.5,25.55,114.85,328.6,285.3,296.19,303.79,354.21,405.18,423.22,514.49,538.49,879.68,899.79,936.03,916.38,938.78,111.41,139.78,519.68,493.09,1161.17,1484.97,1507.31,523.03,596.43,506.23,482.38,466.45,478.85,557.74,709.67,702.9,686.86,680.8,657.69,654.65,637.18,607.58,577.06,527.36,635.64,949.55,847.63,1238.02,724.85
387.04,395.11,414.93,461.48,511.66,530.54,661.81,675.8,410.86,361.75,467.17,781.91,832.23,659.33,659.33,772.94,726.68,1008.1,809.92,791.45,778.12,1097.98,1097.98,766.83,174.0,192.04,222.58,225.63,277.08,747.81,703.38,645.58,616.09,610.33,727.87,720.11,1295.51,1295.51,1709.91,531.45,526.95,526.95,1006.73,388.27,458.53,333.84,319.07,290.03,252.49,212.13,232.94,251.25,293.09,485.35,514.03,241.52,241.52,241.52,241.52,15.5,0.0,10.05,99.35,313.1,269.8,280.69,288.28,338.71,389.67,407.71,498.99,522.99,895.18,915.29,1076.26,1056.61,923.28,126.91,124.28,504.17,477.59,1145.67,1469.47,1491.81,538.54,611.93,521.74,497.88,481.96,494.35,573.24,694.17,687.4,671.36,665.3,642.19,639.15,621.68,592.08,561.56,511.86,620.14,934.05,832.12,1222.52,709.35
397.09,405.16,424.98,471.52,521.71,540.59,671.86,685.85,420.91,371.8,477.22,791.96,842.28,649.28,649.28,762.89,716.64,998.05,799.87,781.4,768.07,1087.93,1087.93,756.79,184.05,202.09,232.63,235.68,287.13,757.85,713.43,655.63,626.14,620.38,717.82,710.06,1285.46,1285.46,1699.86,521.4,516.9,516.9,996.68,398.32,468.57,343.89,309.02,279.98,242.44,202.08,222.9,241.2,283.04,475.3,524.08,251.57,251.57,251.57,251.57,25.55,10.05,0.0,89.3,303.05,259.75,270.64,278.24,328.66,379.63,397.67,488.94,512.94,905.23,925.34,1066.21,1046.56,913.23,136.96,114.23,494.12,467.54,1135.62,1459.42,1481.76,548.58,621.98,531.79,507.93,492.0,504.4,715.42,684.12,677.35,661.31,655.25,632.14,629.1,611.63,582.03,551.51,501.81,610.09,924.0,822.08,1212.47,699.3
486.25,494.32,514.14,560.69,610.87,629.75,792.17,827.73,510.07,460.96,566.38,881.12,931.44,559.98,559.98,673.6,627.34,908.76,710.58,692.11,678.78,998.64,998.64,667.49,273.21,291.25,321.79,324.84,376.29,922.14,889.75,831.95,802.46,796.7,628.52,620.77,1196.17,1196.17,1610.56,432.1,427.6,427.6,907.38,487.48,557.73,433.05,340.24,311.2,273.66,233.3,254.12,272.42,314.26,386.01,613.24,340.73,340.73,340.73,340.73,114.85,99.35,89.3,0.0,213.75,170.45,181.34,188.93,239.36,290.33,308.37,399.65,423.65,1069.52,999.61,976.91,957.27,823.94,226.12,145.45,404.83,378.24,1046.33,1370.12,1392.47,637.75,711.14,620.95,597.09,581.17,705.01,626.13,594.83,588.06,572.01,565.96,542.85,539.81,522.33,492.73,462.22,412.52,520.8,834.7,732.78,1123.17,610.01
699.99,708.06,768.75,766.65,785.48,805.24,791.98,827.53,772.83,674.7,780.12,1094.86,1145.18,531.25,531.25,489.4,443.14,724.56,526.38,507.91,494.58,814.44,814.44,671.24,486.95,504.99,535.53,538.59,590.03,921.95,889.56,831.75,802.26,796.5,628.33,620.57,1011.97,1011.97,1426.37,431.91,427.41,427.41,723.19,701.22,771.48,646.8,553.98,524.94,487.41,447.05,381.05,362.75,371.95,201.81,826.99,554.47,554.47,554.47,554.47,328.6,313.1,303.05,213.75,0.0,166.29,177.18,218.46,268.9,319.86,381.34,399.45,423.45,1069.32,999.42,976.72,957.07,960.19,439.86,359.2,220.63,194.05,862.13,1185.93,1208.27,843.71,917.11,826.91,803.05,787.13,704.82,625.93,594.63,587.86,571.82,565.76,542.65,539.61,522.14,492.54,462.02,398.06,336.6,923.51,821.34,938.98,425.81
662.75,710.67,634.86,632.75,651.58,671.34,658.08,693.64,638.93,631.41,736.82,1051.57,1101.89,425.89,425.89,439.42,482.73,764.15,565.97,547.5,534.17,854.03,854.03,533.4,443.65,461.7,492.24,495.29,546.74,788.05,755.66,697.86,668.37,662.61,494.43,486.68,1051.56,1051.56,1465.96,298.01,293.51,293.51,739.23,744.28,845.93,603.5,510.68,481.65,444.11,238.42,217.6,199.29,208.5,241.4,783.69,511.18,511.18,511.18,511.18,285.3,269.8,259.75,170.45,166.29,0.0,10.89,85.82,35.34,178.15,247.44,265.56,289.55,935.43,865.52,842.82,823.18,689.85,396.57,315.9,260.22,233.64,878.17,1201.97,1247.86,709.81,783.21,693.01,669.16,653.23,570.92,492.03,460.74,453.97,437.92,431.87,408.75,405.72,388.24,358.64,328.13,278.43,339.89,700.61,598.69,955.02,465.4
651.86,699.78,623.97,621.86,640.69,660.45,647.19,682.75,628.04,642.3,747.72,1062.46,1112.78,415.0,415.0,428.53,471.84,753.26,555.08,536.61,523.28,843.14,843.14,522.51,454.55,472.59,503.13,506.18,557.63,777.16,744.77,686.97,657.48,651.72,483.54,475.79,1040.67,1040.67,1455.07,287.12,282.62,282.62,728.34,733.39,835.04,746.15,521.58,492.54,455.0,227.53,206.71,188.4,197.61,230.51,794.58,522.07,522.07,522.07,522.07,296.19,280.69,270.64,181.34,177.18,10.89,0.0,74.92,24.45,167.26,236.55,254.67,278.66,924.54,854.63,831.93,812.29,678.96,407.46,326.79,249.33,222.74,867.28,1191.08,1236.97,698.92,772.32,682.12,658.27,642.34,560.03,481.14,449.84,443.08,427.03,420.98,397.86,394.82,377.35,347.75,317.24,267.54,329.0,689.72,587.8,944.13,454.51
607.95,655.86,580.06,577.95,596.78,616.54,603.28,638.84,584.13,649.89,755.31,1070.05,1120.37,371.09,371.09,384.62,464.16,745.57,547.39,528.92,515.6,835.45,835.45,478.6,462.14,480.18,510.72,513.77,565.22,733.25,700.86,643.06,613.57,607.8,439.63,431.88,1032.98,1032.98,1402.73,243.21,238.71,238.71,684.43,689.48,791.13,702.24,381.85,352.81,315.28,183.45,162.63,144.32,153.53,222.82,802.17,529.66,529.66,529.66,529.66,303.79,288.28,278.24,188.93,218.46,85.82,74.92,0.0,50.47,101.44,119.48,210.75,234.75,880.63,810.72,788.02,768.38,635.04,415.05,334.39,241.65,215.06,823.37,1147.16,1184.64,655.01,728.41,638.21,614.35,598.43,516.12,437.23,405.93,399.16,383.12,377.06,353.95,350.91,333.44,303.84,273.32,223.62,285.09,645.81,543.89,900.21,446.83
627.41,675.32,599.51,597.41,616.24,636.0,622.74,658.3,603.59,700.31,772.01,1120.48,1170.79,390.55,390.55,404.08,447.39,728.8,530.62,512.15,498.83,818.68,818.68,498.06,512.56,530.61,561.14,564.2,615.65,752.71,720.32,662.51,633.02,627.26,459.09,451.33,1016.21,1016.21,1430.61,262.67,258.17,258.17,703.88,708.94,810.59,721.7,401.48,372.44,334.9,203.08,182.26,163.95,173.15,206.05,852.6,580.09,580.09,580.09,580.09,354.21,338.71,328.66,239.36,268.9,35.34,24.45,50.47,0.0,142.81,212.1,230.21,254.21,900.08,830.18,807.48,787.83,654.5,465.47,266.1,224.88,198.29,842.83,1166.62,1212.51,674.47,747.87,657.67,633.81,617.89,535.58,456.69,425.39,418.62,402.58,396.52,373.41,370.37,352.9,323.3,292.78,243.08,304.55,665.27,563.35,919.67,430.06
484.61,532.53,456.72,454.61,473.44,492.32,504.62,540.17,460.79,747.98,629.21,1135.83,1085.51,272.43,272.43,285.96,332.21,701.84,503.66,485.19,471.86,791.72,791.72,379.93,563.53,581.57,664.65,661.6,610.18,634.58,602.19,544.39,514.9,509.14,340.97,333.21,989.25,989.25,1304.07,119.81,115.31,115.31,585.76,566.14,667.79,578.9,654.99,389.45,351.92,203.06,182.24,163.94,144.09,280.71,881.03,631.05,631.05,631.05,631.05,405.18,389.67,379.63,290.33,319.86,178.15,167.26,101.44,142.81,0.0,18.04,112.09,136.09,781.96,712.06,689.35,669.71,536.38,516.44,283.12,302.39,328.98,724.71,1048.5,1085.97,531.67,605.07,514.87,491.02,475.09,392.72,313.83,282.53,275.76,259.72,253.66,230.55,227.51,210.04,180.44,149.92,124.96,186.43,547.14,445.22,801.55,403.09
466.57,514.49,438.68,436.57,455.4,474.28,486.58,522.13,442.75,729.94,611.17,1117.79,1067.47,254.39,254.39,267.92,314.17,683.8,485.62,467.15,453.82,773.68,773.68,361.89,581.57,677.15,646.61,643.56,592.14,616.54,584.15,526.35,496.86,491.1,322.93,315.17,971.21,971.21,1286.03,101.77,97.27,97.27,567.72,548.1,649.75,560.86,636.95,665.99,369.96,221.1,200.28,181.98,162.13,386.13,862.99,649.09,649.09,649.09,649.09,423.22,407.71,397.67,308.37,381.34,247.44,236.55,119.48,212.1,18.04,0.0,94.05,118.05,763.92,694.02,671.31,651.67,518.34,534.48,301.16,284.35,310.94,706.67,1030.46,1067.93,513.63,587.03,496.83,472.98,457.05,374.68,295.79,264.49,257.72,241.68,235.62,212.51,209.47,192.0,162.4,131.88,106.92,168.38,529.1,427.18,783.51,385.05
509.36,582.28,481.46,521.01,471.09,452.21,438.95,474.5,485.54,772.73,653.96,1195.82,1145.5,160.34,160.34,173.87,220.13,609.35,480.43,461.95,448.63,771.87,771.87,267.84,672.84,690.89,689.4,686.34,634.93,568.91,536.52,478.72,449.23,443.47,275.3,267.54,1102.35,1102.35,1191.98,167.4,171.9,171.9,473.67,590.89,692.54,603.65,679.74,498.77,461.23,312.38,291.56,273.25,253.41,380.93,905.78,740.37,740.37,740.37,740.37,514.49,498.99,488.94,399.65,399.45,265.56,254.67,210.75,230.21,112.09,94.05,0.0,24.0,620.14,600.04,577.33,557.69,424.29,625.76,392.43,279.16,305.75,612.62,936.41,973.89,585.59,658.99,568.79,544.93,529.01,417.53,338.64,307.34,300.57,284.53,278.47,255.36,252.32,234.85,205.25,174.73,101.73,163.19,387.62,333.13,689.46,351.14
555.94,558.28,528.05,497.01,447.09,428.21,414.95,450.5,532.12,819.31,700.54,1171.82,1121.5,136.34,136.34,149.87,196.13,585.35,504.42,485.95,472.63,747.87,747.87,243.85,696.84,766.52,735.98,732.93,681.51,544.91,512.52,454.72,425.23,419.47,251.3,243.54,1078.35,1078.35,1167.98,143.4,147.9,147.9,449.67,637.47,739.12,650.23,726.32,755.36,485.23,336.38,315.56,297.25,277.41,404.93,952.36,764.37,764.37,764.37,764.37,538.49,522.99,512.94,423.65,423.45,289.55,278.66,234.75,254.21,136.09,118.05,24.0,0.0,596.14,576.04,553.33,533.69,400.29,649.76,416.43,303.16,329.75,588.62,912.41,949.89,561.59,634.99,544.79,520.94,505.01,441.53,362.64,331.34,324.57,308.52,302.47,279.36,276.32,258.85,229.25,198.73,125.73,187.19,363.62,309.14,665.46,327.14
492.73,495.07,464.84,433.8,363.49,344.61,351.69,348.92,468.91,756.1,637.33,721.75,671.43,676.07,676.07,692.94,739.19,879.34,1077.38,1155.14,1141.81,1041.86,1041.86,688.18,721.35,703.31,672.77,669.72,618.3,147.38,206.63,264.43,323.71,317.94,453.07,460.82,1372.34,1372.34,1461.97,635.25,639.75,639.75,743.66,574.26,595.65,587.02,663.11,692.15,729.69,982.26,961.43,943.13,923.28,1074.11,889.14,862.97,862.97,862.97,862.97,879.68,895.18,905.23,1069.52,1069.32,935.43,924.54,880.63,900.08,781.96,763.92,620.14,596.14,0.0,20.11,42.81,62.45,409.82,789.28,857.89,972.34,998.92,882.6,1206.4,1243.87,498.37,410.53,481.57,457.72,441.79,445.11,524.0,555.3,562.07,578.12,584.17,607.28,610.32,627.79,657.39,687.91,794.91,856.37,415.25,407.8,959.45,894.85
512.84,515.18,484.95,453.91,383.6,364.72,371.8,280.61,489.02,776.21,657.44,741.85,691.53,655.96,655.96,672.83,719.08,859.23,1057.27,1075.74,1071.9,1021.75,1021.75,668.07,741.46,723.42,692.88,689.83,638.41,167.49,226.74,284.54,343.81,338.05,473.18,480.93,1352.23,1352.23,1441.86,565.34,569.84,569.84,723.55,594.37,615.76,607.13,683.22,712.26,749.8,912.35,891.53,873.22,853.38,1004.21,909.25,883.08,883.08,883.08,883.08,899.79,915.29,925.34,999.61,999.42,865.52,854.63,810.72,830.18,712.06,694.02,600.04,576.04,20.11,0.0,22.7,42.34,389.72,809.39,878.0,902.43,929.02,862.5,1186.29,1223.77,518.48,430.64,501.68,477.83,461.9,465.22,544.11,575.41,582.18,598.23,604.28,627.39,630.43,647.9,677.5,708.02,725.0,786.46,395.15,387.69,939.34,874.74
549.07,551.41,521.18,490.14,419.86,400.98,364.06,257.91,525.25,812.44,693.67,764.56,714.24,633.26,633.26,650.12,696.38,836.52,1034.57,1053.04,1049.2,999.05,999.05,645.37,777.69,759.65,729.11,726.06,674.64,190.2,249.44,409.56,380.07,374.31,471.4,479.16,1329.53,1329.53,1419.16,542.63,547.13,547.13,700.85,630.6,732.25,643.36,719.45,748.49,786.03,889.64,868.82,850.52,830.67,981.5,945.49,919.32,919.32,919.32,919.32,936.03,1076.26,1066.21,976.91,976.72,842.82,831.93,788.02,807.48,689.35,671.31,577.33,553.33,42.81,22.7,0.0,19.64,367.01,845.63,969.7,879.73,906.32,839.79,1163.59,1201.06,554.72,453.34,537.92,514.06,498.14,501.46,580.35,611.65,618.42,634.46,640.52,663.63,666.67,684.14,713.74,744.26,702.3,763.76,372.44,364.99,916.64,852.04
529.43,531.77,501.53,470.49,400.22,381.34,344.42,238.27,505.61,792.8,674.03,784.2,733.88,613.62,613.62,630.48,676.74,816.88,1014.93,1033.4,1029.55,979.41,979.41,625.72,758.05,740.01,709.47,706.41,655.0,209.84,269.09,389.92,360.43,354.67,451.76,459.52,1309.89,1309.89,1399.52,522.99,527.49,527.49,681.21,610.96,712.61,623.72,699.81,728.85,766.38,870.0,849.18,830.88,811.03,961.86,925.85,899.68,899.68,899.68,899.68,916.38,1056.61,1046.56,957.27,957.07,823.18,812.29,768.38,787.83,669.71,651.67,557.69,533.69,62.45,42.34,19.64,0.0,347.37,825.98,950.06,860.09,886.67,820.15,1143.95,1181.42,535.08,608.48,518.28,494.42,478.5,481.82,560.71,592.01,598.78,614.82,620.87,643.99,647.03,664.5,694.1,724.62,682.66,744.12,352.8,345.35,897.0,832.4
687.71,690.05,659.82,628.78,558.5,539.62,502.71,396.55,663.89,951.09,832.31,1100.62,1050.3,438.45,438.45,479.29,525.55,609.23,807.27,825.74,839.07,771.75,771.75,443.03,916.33,898.29,867.75,864.7,813.28,587.98,606.01,548.21,518.72,512.95,555.0,547.24,1102.23,1102.23,1128.0,487.72,492.22,492.22,473.55,769.24,870.89,782.0,858.1,887.13,924.67,736.67,715.85,697.54,677.7,841.34,1084.13,1057.96,1057.96,1057.96,1057.96,938.78,923.28,913.23,823.94,960.19,689.85,678.96,635.04,654.5,536.38,518.34,424.29,400.29,409.82,389.72,367.01,347.37,0.0,984.27,816.72,739.56,766.15,549.64,848.51,885.9,693.36,766.76,676.56,652.71,636.78,640.1,718.99,750.29,757.06,708.82,702.76,679.65,676.61,659.14,629.54,599.02,526.02,587.48,60.13,138.84,648.37,625.9
281.14,289.21,309.03,355.57,405.76,424.64,555.91,569.9,304.96,234.84,340.26,655.0,705.32,786.09,786.09,899.71,853.45,1134.87,936.69,918.22,904.89,1224.75,1224.75,893.6,68.09,86.14,116.68,119.73,171.18,641.9,597.48,539.68,510.19,504.43,601.24,608.99,1422.28,1422.28,1836.67,658.21,653.71,653.71,1133.49,282.36,352.62,227.94,310.62,232.2,194.66,338.9,359.71,378.02,419.85,612.11,387.12,114.61,114.61,114.61,114.61,111.41,126.91,136.96,226.12,439.86,396.57,407.46,415.05,465.47,516.44,534.48,625.76,649.76,789.28,809.39,845.63,825.98,984.27,0.0,251.05,630.94,604.35,1272.44,1596.23,1618.58,432.63,506.03,415.83,391.98,376.05,388.45,467.34,498.64,505.41,521.45,527.5,550.62,553.66,571.13,600.73,688.33,638.63,746.9,950.79,958.89,1349.28,836.12
349.75,357.82,377.64,424.18,474.36,493.24,624.51,638.51,373.56,485.89,388.99,906.05,956.37,552.77,552.77,566.3,772.79,1054.2,856.02,837.55,824.22,1144.08,1144.08,660.28,298.14,316.18,346.72,349.77,401.22,710.51,666.09,608.29,578.8,573.04,621.31,613.56,1341.61,1341.61,1756.01,424.89,420.39,420.39,1052.83,395.03,465.29,268.92,194.78,165.75,128.21,87.85,108.66,126.97,168.8,531.45,638.17,365.66,365.66,365.66,365.66,139.78,124.28,114.23,145.45,359.2,315.9,326.79,334.39,266.1,283.12,301.16,392.43,416.43,857.89,878.0,969.7,950.06,816.72,251.05,0.0,550.27,523.69,1191.77,1515.57,1537.91,501.24,574.64,484.44,460.59,444.66,457.05,535.94,587.61,580.84,564.8,558.74,535.63,532.59,515.12,485.52,455.0,405.3,466.77,827.49,725.57,1268.62,755.45
699.66,747.58,671.77,669.66,688.49,708.25,694.99,730.55,675.84,865.78,844.26,1285.94,1300.56,310.63,310.63,268.78,222.52,503.94,305.76,287.29,273.96,593.82,593.82,450.62,678.03,696.07,726.61,729.66,825.23,824.96,792.57,734.77,705.28,699.51,531.34,523.59,791.35,791.35,1205.74,334.92,330.42,330.42,502.56,781.19,882.84,793.95,745.06,716.02,678.48,394.25,373.43,355.13,364.33,101.78,1018.06,745.55,745.55,745.55,745.55,519.68,504.17,494.12,404.83,220.63,260.22,249.33,241.65,224.88,302.39,284.35,279.16,303.16,972.34,902.43,879.73,860.09,739.56,630.94,550.27,0.0,26.59,641.51,965.3,987.65,746.72,820.12,729.92,706.07,690.14,607.83,528.94,497.64,490.87,474.83,468.77,445.66,442.62,425.15,395.55,365.03,177.44,115.98,702.89,600.72,718.35,205.19
726.25,774.16,698.35,696.25,715.08,734.84,721.58,757.13,702.43,839.19,870.85,1259.35,1327.15,337.22,337.22,295.36,249.11,530.52,332.34,313.87,300.54,620.4,620.4,477.2,651.44,669.48,700.02,703.08,851.82,851.55,819.15,761.35,731.86,726.1,557.93,550.17,817.93,817.93,1232.33,361.51,357.01,357.01,529.15,807.78,909.43,820.54,718.47,689.43,651.9,367.67,346.85,328.54,337.74,75.2,991.48,718.97,718.97,718.97,718.97,493.09,477.59,467.54,378.24,194.05,233.64,222.74,215.06,198.29,328.98,310.94,305.75,329.75,998.92,929.02,906.32,886.67,766.15,604.35,523.69,26.59,0.0,668.09,991.89,1014.23,773.31,846.71,756.51,732.65,716.73,634.42,555.53,524.23,517.46,501.42,495.36,472.25,469.21,451.74,422.14,391.62,204.03,142.56,729.48,627.31,744.94,231.77
1025.46,1027.8,997.57,966.53,916.61,897.73,863.6,899.15,1001.64,1288.83,1170.06,1609.55,1559.23,626.99,626.99,611.87,565.62,316.99,515.03,533.5,546.83,361.83,361.83,344.99,1319.53,1236.04,1205.5,1202.45,1151.03,993.57,982.04,924.24,894.75,888.99,743.33,735.58,692.3,692.3,678.17,676.06,680.56,680.56,138.95,1106.99,1208.64,1119.75,1195.84,1224.88,1073.86,925.01,904.18,885.87,866.03,743.28,1421.87,1387.05,1387.05,1387.05,1387.05,1161.17,1145.67,1135.62,1046.33,862.13,878.17,867.28,823.37,842.83,724.71,706.67,612.62,588.62,882.6,862.5,839.79,820.15,549.64,1272.44,1191.77,641.51,668.09,0.0,398.68,436.06,1031.1,1104.5,1014.3,990.44,974.52,977.84,951.26,919.96,913.19,897.14,891.09,867.98,864.94,847.46,817.87,787.35,714.46,652.99,575.82,474.81,198.54,527.84
1349.25,1351.59,1321.35,1290.31,1240.39,1221.51,1187.38,1222.94,1325.43,1612.62,1493.85,1881.56,1831.24,950.77,950.77,935.66,889.4,521.23,719.28,737.75,751.07,432.82,432.82,668.77,1643.32,1559.82,1529.29,1526.23,1474.82,1317.35,1305.83,1248.03,1218.54,1212.77,1067.12,1059.36,370.5,370.5,321.33,999.84,1004.34,1004.34,462.75,1430.78,1532.43,1443.54,1519.63,1548.67,1397.64,1248.79,1227.97,1209.66,1189.82,1064.48,1745.67,1710.85,1710.85,1710.85,1710.85,1484.97,1469.47,1459.42,1370.12,1185.93,1201.97,1191.08,1147.16,1166.62,1048.5,1030.46,936.41,912.41,1206.4,1186.29,1163.59,1143.95,848.51,1596.23,1515.57,965.3,991.89,398.68,0.0,37.39,1354.9,1428.29,1338.1,1314.24,1298.31,1301.64,1275.05,1243.75,1236.98,1220.94,1214.88,1191.77,1188.73,1171.26,1141.66,1111.14,1038.25,976.79,899.62,798.6,273.15,751.98
1386.72,1389.06,1358.83,1327.79,1277.87,1258.99,1224.86,1260.41,1362.9,1650.09,1531.32,1918.95,1868.63,988.25,988.25,973.13,926.88,483.85,681.89,700.36,713.69,395.43,395.43,706.25,1665.66,1597.3,1566.76,1563.71,1512.29,1354.83,1343.3,1285.5,1256.01,1250.25,1104.59,1096.84,333.11,333.11,283.94,1037.32,1041.82,1041.82,502.44,1468.25,1569.9,1481.01,1557.1,1586.14,1435.12,1286.27,1265.45,1247.14,1227.29,1027.1,1783.14,1733.19,1733.19,1733.19,1733.19,1507.31,1491.81,1481.76,1392.47,1208.27,1247.86,1236.97,1184.64,1212.51,1085.97,1067.93,973.89,949.89,1243.87,1223.77,1201.06,1181.42,885.9,1618.58,1537.91,987.65,1014.23,436.06,37.39,0.0,1392.37,1465.77,1375.57,1351.71,1335.79,1339.11,1312.52,1281.23,1274.46,1258.41,1252.36,1229.24,1226.21,1208.73,1179.13,1148.62,1060.6,999.13,937.09,836.07,310.53,714.6
154.79,138.33,126.9,77.06,114.76,133.64,265.0,278.99,130.97,399.45,280.68,604.88,554.56,644.85,644.85,658.38,704.64,1027.83,947.99,929.52,916.19,1190.35,1190.35,686.33,364.7,346.65,316.12,313.06,261.65,351.0,306.57,248.77,219.28,213.52,310.33,318.08,1520.83,1520.83,1610.47,504.54,509.04,509.04,892.16,217.61,319.26,230.37,306.46,335.5,373.03,504.68,735.82,717.51,697.67,848.5,532.5,506.33,506.33,506.33,506.33,523.03,538.54,548.58,637.75,843.71,709.81,698.92,655.01,674.47,531.67,513.63,585.59,561.59,498.37,518.48,554.72,535.08,693.36,432.63,501.24,746.72,773.31,1031.1,1354.9,1392.37,0.0,73.4,16.8,40.66,56.58,138.95,217.84,249.14,255.91,271.95,278.01,301.12,304.16,321.63,351.23,381.75,569.29,630.75,659.89,640.07,1107.95,847.42
228.19,211.73,200.29,150.46,188.16,207.04,338.4,352.39,204.37,472.85,354.07,531.48,481.16,718.25,718.25,731.78,778.04,1101.23,1021.39,1002.92,989.59,1263.75,1263.75,759.73,438.1,420.05,389.51,386.46,335.05,317.22,379.97,322.17,292.68,286.92,383.73,391.48,1594.23,1594.23,1683.87,577.94,582.44,582.44,965.56,291.01,392.66,303.77,379.86,408.89,446.43,578.07,809.22,790.91,771.07,921.89,605.9,579.72,579.72,579.72,579.72,596.43,611.93,621.98,711.14,917.11,783.21,772.32,728.41,747.87,605.07,587.03,658.99,634.99,410.53,430.64,453.34,608.48,766.76,506.03,574.64,820.12,846.71,1104.5,1428.29,1465.77,73.4,0.0,90.2,114.05,129.98,212.35,291.24,322.54,329.31,345.35,351.41,374.52,377.56,395.03,424.63,455.15,642.69,704.15,733.28,713.47,1181.35,920.82
137.99,121.53,110.1,60.26,97.96,116.84,248.2,262.19,114.17,382.65,263.88,621.68,571.36,628.05,628.05,641.58,687.84,1011.03,931.19,912.72,899.39,1173.56,1173.56,669.53,347.9,329.85,299.32,296.26,244.85,334.2,289.77,231.97,202.48,196.72,293.53,301.29,1504.03,1504.03,1593.67,487.74,492.24,492.24,875.36,200.81,302.46,213.57,289.66,318.7,356.23,487.88,719.02,700.71,680.87,831.7,515.7,489.53,489.53,489.53,489.53,506.23,521.74,531.79,620.95,826.91,693.01,682.12,638.21,657.67,514.87,496.83,568.79,544.79,481.57,501.68,537.92,518.28,676.56,415.83,484.44,729.92,756.51,1014.3,1338.1,1375.57,16.8,90.2,0.0,23.86,39.78,122.15,201.04,232.34,239.11,255.15,261.21,284.32,287.36,304.83,334.43,364.95,552.49,613.95,643.09,623.27,1091.15,830.62
114.13,97.68,86.24,36.4,74.11,92.99,224.34,238.33,90.31,358.79,240.02,645.53,595.21,604.2,604.2,617.73,663.98,987.18,907.33,888.86,875.53,1149.7,1149.7,645.67,324.04,306.0,275.46,272.41,220.99,310.34,265.92,208.12,178.63,172.86,269.67,277.43,1480.18,1480.18,1569.81,463.88,468.38,468.38,851.5,176.95,278.6,189.71,265.8,294.84,332.38,464.02,695.16,676.86,657.01,807.84,491.84,465.67,465.67,465.67,465.67,482.38,497.88,507.93,597.09,803.05,669.16,658.27,614.35,633.81,491.02,472.98,544.93,520.94,457.72,477.83,514.06,494.42,652.71,391.98,460.59,706.07,732.65,990.44,1314.24,1351.71,40.66,114.05,23.86,0.0,15.92,98.3,177.18,208.48,215.25,231.3,237.35,260.46,263.5,280.98,310.57,341.09,528.63,590.1,619.23,599.42,1067.29,806.76
98.21,81.75,70.31,20.48,58.18,77.06,208.42,222.41,74.39,342.87,224.1,661.46,611.14,588.27,588.27,601.8,648.06,971.25,891.41,872.94,859.61,1133.77,1133.77,629.75,308.12,290.07,259.54,256.48,205.07,294.42,249.99,192.19,162.7,156.94,253.75,261.5,1464.25,1464.25,1553.89,447.96,452.46,452.46,835.58,161.03,262.68,173.79,249.88,278.92,316.45,448.09,679.24,660.93,641.09,791.92,475.92,449.75,449.75,449.75,449.75,466.45,481.96,492.0,581.17,787.13,653.23,642.34,598.43,617.89,475.09,457.05,529.01,505.01,441.79,461.9,498.14,478.5,636.78,376.05,444.66,690.14,716.73,974.52,1298.31,1335.79,56.58,129.98,39.78,15.92,0.0,82.37,161.26,192.56,199.33,215.37,221.43,244.54,247.58,265.05,294.65,325.17,512.71,574.17,603.3,583.49,1051.37,790.84
91.89,139.81,64.0,61.89,80.72,99.6,211.74,225.73,68.07,355.26,236.49,743.11,692.79,591.59,591.59,605.12,651.38,974.57,809.1,790.63,777.3,1137.1,1137.1,633.07,320.51,302.47,271.93,268.88,217.46,297.74,253.32,195.52,166.02,160.26,257.07,264.83,1294.69,1294.69,1557.21,451.28,455.78,455.78,838.9,173.42,275.07,186.18,262.27,291.31,328.85,617.75,596.93,578.62,558.78,709.61,488.31,462.14,462.14,462.14,462.14,478.85,494.35,504.4,705.01,704.82,570.92,560.03,516.12,535.58,392.72,374.68,417.53,441.53,445.11,465.22,501.46,481.82,640.1,388.45,457.05,607.83,634.42,977.84,1301.64,1339.11,138.95,212.35,122.15,98.3,82.37,0.0,78.89,110.19,116.96,133.0,139.06,162.17,165.21,182.68,212.28,242.8,430.4,491.86,606.63,586.82,1054.69,708.53
170.78,218.69,142.89,140.78,159.61,178.49,290.63,304.62,146.96,434.15,315.38,822.0,771.68,498.98,498.98,512.51,558.76,928.39,730.21,711.74,698.41,1018.27,1018.27,606.48,399.4,381.36,350.82,347.77,296.35,376.63,332.21,274.4,244.91,239.15,335.96,343.72,1215.8,1215.8,1530.62,346.36,341.86,341.86,812.31,252.31,353.96,265.07,341.16,370.2,407.74,538.86,518.04,499.73,479.89,630.72,567.2,541.03,541.03,541.03,541.03,557.74,573.24,715.42,626.13,625.93,492.03,481.14,437.23,456.69,313.83,295.79,338.64,362.64,524.0,544.11,580.35,560.71,718.99,467.34,535.94,528.94,555.53,951.26,1275.05,1312.52,217.84,291.24,201.04,177.18,161.26,78.89,0.0,31.3,38.07,54.11,60.17,83.28,86.32,103.79,133.39,163.91,351.51,412.98,685.52,665.71,1028.1,629.64
202.08,249.99,174.18,172.08,190.91,209.79,321.93,335.92,178.26,465.45,346.68,853.3,802.98,467.68,467.68,481.21,527.47,897.09,698.91,680.44,667.11,986.97,986.97,575.18,430.7,412.66,382.12,379.06,327.65,407.93,363.5,305.7,276.21,270.45,367.26,375.01,1184.5,1184.5,1499.32,315.06,310.56,310.56,781.01,283.61,385.26,296.37,372.46,401.5,439.04,507.56,486.74,468.43,448.59,599.42,598.5,572.33,572.33,572.33,572.33,709.67,694.17,684.12,594.83,594.63,460.74,449.84,405.93,425.39,282.53,264.49,307.34,331.34,555.3,575.41,611.65,592.01,750.29,498.64,587.61,497.64,524.23,919.96,1243.75,1281.23,249.14,322.54,232.34,208.48,192.56,110.19,31.3,0.0,6.77,22.81,28.87,51.98,55.02,72.49,102.09,132.61,320.21,381.68,716.81,697.0,996.8,598.34
208.85,256.76,180.95,178.85,197.68,216.56,328.7,342.69,185.03,472.22,353.45,860.07,809.75,460.91,460.91,474.44,520.7,890.32,692.14,673.67,660.34,980.2,980.2,568.42,437.47,419.43,388.89,385.83,334.42,414.69,370.27,312.47,282.98,277.22,374.03,381.78,1177.73,1177.73,1492.55,308.29,303.79,303.79,774.24,290.38,392.03,303.14,379.23,408.27,445.81,500.79,479.97,461.66,441.82,592.65,605.27,579.1,579.1,579.1,579.1,702.9,687.4,677.35,588.06,587.86,453.97,443.08,399.16,418.62,275.76,257.72,300.57,324.57,562.07,582.18,618.42,598.78,757.06,505.41,580.84,490.87,517.46,913.19,1236.98,1274.46,255.91,329.31,239.11,215.25,199.33,116.96,38.07,6.77,0.0,16.04,22.1,45.21,48.25,65.72,95.32,125.84,313.44,374.91,723.58,633.71,990.03,591.57
224.89,272.81,197.0,194.89,213.72,232.6,344.74,358.73,201.07,488.27,369.49,876.11,825.79,444.86,444.86,458.39,504.65,874.27,676.09,657.62,644.3,964.15,964.15,552.37,453.51,435.47,404.93,401.88,350.46,430.74,386.32,328.52,299.03,293.26,390.07,397.83,1161.68,1161.68,1476.51,292.25,287.75,287.75,758.2,306.42,408.07,319.18,395.28,424.31,461.85,484.74,463.92,445.62,425.77,576.6,621.31,595.14,595.14,595.14,595.14,686.86,671.36,661.31,572.01,571.82,437.92,427.03,383.12,402.58,259.72,241.68,284.53,308.52,578.12,598.23,634.46,614.82,708.82,521.45,564.8,474.83,501.42,897.14,1220.94,1258.41,271.95,345.35,255.15,231.3,215.37,133.0,54.11,22.81,16.04,0.0,6.05,29.17,32.21,49.68,79.28,109.79,297.4,358.86,719.58,617.66,973.99,575.53
230.95,278.86,203.05,200.95,219.78,238.66,350.8,364.79,207.13,494.32,375.55,882.17,831.85,438.81,438.81,452.34,498.6,868.22,670.04,651.57,638.24,958.1,958.1,546.32,459.57,441.52,410.99,407.93,356.52,436.79,392.37,334.57,305.08,299.32,396.13,403.88,1155.63,1155.63,1470.45,286.19,281.69,281.69,752.14,312.48,414.13,325.24,401.33,430.37,467.9,478.69,457.87,439.56,419.72,570.55,627.37,601.2,601.2,601.2,601.2,680.8,665.3,655.25,565.96,565.76,431.87,420.98,377.06,396.52,253.66,235.62,278.47,302.47,584.17,604.28,640.52,620.87,702.76,527.5,558.74,468.77,495.36,891.09,1214.88,1252.36,278.01,351.41,261.21,237.35,221.43,139.06,60.17,28.87,22.1,6.05,0.0,23.11,26.15,43.62,73.22,103.74,291.34,352.81,713.53,611.61,967.93,569.47
254.06,301.97,226.17,224.06,242.89,261.77,373.91,387.9,230.24,517.43,398.66,905.28,854.96,415.7,415.7,429.23,475.48,845.11,646.93,628.46,615.13,934.99,934.99,523.2,482.68,464.64,434.1,431.05,379.63,459.91,415.49,357.68,328.19,322.43,419.24,427.0,1132.52,1132.52,1447.34,263.08,258.58,258.58,729.03,335.59,437.24,348.35,424.44,453.48,491.02,455.58,434.76,416.45,396.61,547.44,650.48,624.31,624.31,624.31,624.31,657.69,642.19,632.14,542.85,542.65,408.75,397.86,353.95,373.41,230.55,212.51,255.36,279.36,607.28,627.39,663.63,643.99,679.65,550.62,535.63,445.66,472.25,867.98,1191.77,1229.24,301.12,374.52,284.32,260.46,244.54,162.17,83.28,51.98,45.21,29.17,23.11,0.0,3.04,20.51,50.11,80.63,268.23,329.7,690.41,588.49,944.82,546.36
257.1,305.01,229.2,227.1,245.93,264.81,376.95,390.94,233.28,520.47,401.7,908.32,858.0,412.66,412.66,426.19,472.45,842.07,643.89,625.42,612.09,931.95,931.95,520.16,485.72,467.68,437.14,434.08,382.67,462.95,418.52,360.72,331.23,325.47,422.28,430.03,1129.48,1129.48,1444.3,260.04,255.54,255.54,725.99,338.63,440.28,351.39,427.48,456.52,494.06,452.54,431.72,413.41,393.57,544.4,653.52,627.35,627.35,627.35,627.35,654.65,639.15,629.1,539.81,539.61,405.72,394.82,350.91,370.37,227.51,209.47,252.32,276.32,610.32,630.43,666.67,647.03,676.61,553.66,532.59,442.62,469.21,864.94,1188.73,1226.21,304.16,377.56,287.36,263.5,247.58,165.21,86.32,55.02,48.25,32.21,26.15,3.04,0.0,17.47,47.07,77.59,265.19,326.66,687.38,585.45,941.78,543.32
274.57,322.49,246.68,244.57,263.4,282.28,394.42,408.41,250.75,537.94,419.17,925.79,875.47,395.19,395.19,408.72,454.97,824.6,626.42,607.95,594.62,914.48,914.48,502.69,503.19,485.15,454.61,451.56,400.14,480.42,436.0,378.2,348.7,342.94,439.75,447.51,1112.01,1112.01,1426.83,242.57,238.07,238.07,708.52,356.1,457.75,368.86,444.95,473.99,511.53,435.07,414.25,395.94,376.1,526.93,670.99,644.82,644.82,644.82,644.82,637.18,621.68,611.63,522.33,522.14,388.24,377.35,333.44,352.9,210.04,192.0,234.85,258.85,627.79,647.9,684.14,664.5,659.14,571.13,515.12,425.15,451.74,847.46,1171.26,1208.73,321.63,395.03,304.83,280.98,265.05,182.68,103.79,72.49,65.72,49.68,43.62,20.51,17.47,0.0,29.6,60.12,247.72,309.18,669.9,567.98,924.31,525.85
304.17,352.08,276.28,274.17,293.0,311.88,424.02,438.01,280.35,567.54,448.77,955.39,905.07,365.59,365.59,379.12,425.37,795.0,596.82,578.35,565.02,884.88,884.88,473.09,532.79,514.75,484.21,481.16,429.74,510.02,465.6,407.79,378.3,372.54,434.13,426.37,1082.41,1082.41,1397.23,212.97,208.47,208.47,678.92,385.7,487.35,398.46,474.55,503.59,541.13,405.47,384.65,366.34,346.5,497.33,700.59,674.42,674.42,674.42,674.42,607.58,592.08,582.03,492.73,492.54,358.64,347.75,303.84,323.3,180.44,162.4,205.25,229.25,657.39,677.5,713.74,694.1,629.54,600.73,485.52,395.55,422.14,817.87,1141.66,1179.13,351.23,424.63,334.43,310.57,294.65,212.28,133.39,102.09,95.32,79.28,73.22,50.11,47.07,29.6,0.0,30.52,218.12,279.59,640.3,538.38,894.71,496.25
334.69,382.6,306.79,304.69,323.52,342.4,454.54,468.53,310.87,598.06,479.29,985.91,935.59,335.07,335.07,348.6,394.86,764.48,566.3,547.83,534.5,854.36,854.36,442.58,563.31,545.26,514.73,511.67,460.26,540.53,496.11,438.31,408.82,403.06,403.61,395.85,1051.89,1051.89,1366.71,182.45,177.95,177.95,648.4,416.22,517.87,428.98,505.07,534.11,571.64,374.95,354.13,335.82,315.98,466.81,731.11,704.94,704.94,704.94,704.94,577.06,561.56,551.51,462.22,462.02,328.13,317.24,273.32,292.78,149.92,131.88,174.73,198.73,687.91,708.02,744.26,724.62,599.02,688.33,455.0,365.03,391.62,787.35,1111.14,1148.62,381.75,455.15,364.95,341.09,325.17,242.8,163.91,132.61,125.84,109.79,103.74,80.63,77.59,60.12,30.52,0.0,187.6,249.07,609.79,507.87,864.19,465.73
522.23,570.15,494.34,492.23,511.06,530.82,517.56,553.12,498.41,785.6,666.83,1173.45,1123.13,262.07,262.07,275.6,295.47,576.88,378.7,360.23,346.91,666.76,666.76,369.57,685.72,703.76,702.27,699.22,647.8,647.53,615.14,557.34,527.85,522.08,353.91,346.16,864.29,864.29,1278.69,157.49,152.99,152.99,575.51,603.76,705.41,616.52,692.61,511.64,474.1,325.21,304.43,286.13,266.28,279.21,918.65,753.24,753.24,753.24,753.24,527.36,511.86,501.81,412.52,398.06,278.43,267.54,223.62,243.08,124.96,106.92,101.73,125.73,794.91,725.0,702.3,682.66,526.02,638.63,405.3,177.44,204.03,714.46,1038.25,1060.6,569.29,642.69,552.49,528.63,512.71,430.4,351.51,320.21,313.44,297.4,291.34,268.23,265.19,247.72,218.12,187.6,0.0,61.46,489.35,434.86,791.3,278.14
583.69,631.61,555.8,553.69,572.52,592.28,579.02,614.58,559.87,847.07,728.29,1234.91,1184.59,322.12,322.12,280.26,234.01,515.42,317.24,298.77,285.44,605.3,605.3,462.1,793.99,812.04,763.73,760.68,709.26,708.99,676.6,618.8,589.31,583.55,415.38,407.62,802.83,802.83,1217.23,218.95,214.45,214.45,514.05,665.22,766.87,677.98,754.08,573.11,535.57,386.67,365.9,347.59,327.75,217.75,980.11,861.52,861.52,861.52,861.52,635.64,620.14,610.09,520.8,336.6,339.89,329.0,285.09,304.55,186.43,168.38,163.19,187.19,856.37,786.46,763.76,744.12,587.48,746.9,466.77,115.98,142.56,652.99,976.79,999.13,630.75,704.15,613.95,590.1,574.17,491.86,412.98,381.68,374.91,358.86,352.81,329.7,326.66,309.18,279.59,249.07,61.46,0.0,550.81,496.33,729.84,216.67
654.24,656.58,626.34,595.3,525.03,506.15,469.23,381.13,630.42,917.61,798.84,1106.05,1055.73,401.78,401.78,442.62,488.88,572.55,770.6,789.07,802.4,735.08,735.08,406.36,882.86,864.81,834.28,831.22,779.81,582.46,572.53,514.73,485.24,479.48,496.59,488.83,1065.56,1065.56,1155.19,429.31,433.81,433.81,436.88,735.77,837.42,748.53,824.62,853.65,891.19,747.39,726.61,708.31,688.46,804.66,1050.66,1024.48,1024.48,1024.48,1024.48,949.55,934.05,924.0,834.7,923.51,700.61,689.72,645.81,665.27,547.14,529.1,387.62,363.62,415.25,395.15,372.44,352.8,60.13,950.79,827.49,702.89,729.48,575.82,899.62,937.09,659.89,733.28,643.09,619.23,603.3,606.63,685.52,716.81,723.58,719.58,713.53,690.41,687.38,669.9,640.3,609.79,489.35,550.81,0.0,102.17,652.67,589.22
634.42,636.77,606.53,575.49,505.21,486.33,449.42,361.32,610.61,897.8,779.02,1134.73,1084.41,347.29,347.29,388.13,434.39,471.54,669.58,688.05,701.38,634.06,634.06,304.19,863.05,845.0,814.46,811.41,760.0,562.65,552.72,494.92,465.43,459.67,463.84,456.09,964.54,964.54,1054.17,396.56,401.07,401.07,335.86,715.96,817.61,728.72,804.81,833.84,871.38,645.47,624.69,606.39,586.54,702.49,1030.85,1004.67,1004.67,1004.67,1004.67,847.63,832.12,822.08,732.78,821.34,598.69,587.8,543.89,563.35,445.22,427.18,333.13,309.14,407.8,387.69,364.99,345.35,138.84,958.89,725.57,600.72,627.31,474.81,798.6,836.07,640.07,713.47,623.27,599.42,583.49,586.82,665.71,697.0,633.71,617.66,611.61,588.49,585.45,567.98,538.38,507.87,434.86,496.33,102.17,0.0,551.65,487.05
1102.3,1104.64,1074.4,1043.36,993.44,974.56,940.43,975.99,1078.48,1365.67,1246.9,1686.38,1636.07,703.83,703.83,688.71,642.45,345.38,543.42,561.9,575.22,342.12,342.12,421.82,1396.37,1312.87,1282.34,1279.28,1227.87,1070.4,1058.88,1001.08,971.59,965.83,820.17,812.41,556.5,556.5,552.64,752.89,757.39,757.39,215.8,1183.83,1285.48,1196.59,1272.68,1301.72,1150.69,1001.8,981.02,962.72,942.87,820.13,1498.72,1463.9,1463.9,1463.9,1463.9,1238.02,1222.52,1212.47,1123.17,938.98,955.02,944.13,900.21,919.67,801.55,783.51,689.46,665.46,959.45,939.34,916.64,897.0,648.37,1349.28,1268.62,718.35,744.94,198.54,273.15,310.53,1107.95,1181.35,1091.15,1067.29,1051.37,1054.69,1028.1,996.8,990.03,973.99,967.93,944.82,941.78,924.31,894.71,864.19,791.3,729.84,652.67,551.65,0.0,604.69
800.36,848.27,772.46,770.36,789.19,702.27,689.01,724.57,776.54,1070.96,944.96,1451.58,1401.26,196.97,196.97,177.56,131.3,230.89,147.97,166.44,179.76,324.5,324.5,336.95,883.21,901.25,931.79,934.84,925.93,818.98,786.59,728.79,699.3,693.53,525.36,517.61,522.03,522.03,932.7,435.62,431.12,431.12,388.9,881.89,983.54,894.65,970.74,921.2,883.66,603.33,582.56,564.25,544.41,306.96,1223.24,950.73,950.73,950.73,950.73,724.85,709.35,699.3,610.01,425.81,465.4,454.51,446.83,430.06,403.09,385.05,351.14,327.14,894.85,874.74,852.04,832.4,625.9,836.12,755.45,205.19,231.77,527.84,751.98,714.6,847.42,920.82,830.62,806.76,790.84,708.53,629.64,598.34,591.57,575.53,569.47,546.36,543.32,525.85,496.25,465.73,278.14,216.67,589.22,487.05,604.69,0.0
